SaleID,Date,CustomerID,ProductID,Quantity,NetRevenue,VAT,GrossRevenue
1,2024-10-23,38,4,3,1049.97,209.99,1259.96
2,2025-11-24,6,54,3,269.97,53.99,323.96
3,2026-01-10,38,1,4,319.96,63.99,383.95
4,2025-09-06,129,3,2,69.98,14.0,83.98
5,2025-06-18,147,16,25,624.75,124.95,749.7
6,2025-04-27,74,9,1,29.99,6.0,35.99
7,2025-04-23,27,70,5,124.95,24.99,149.94
8,2025-07-15,135,10,5,74.95,14.99,89.94
9,2025-11-18,121,29,2,399.98,80.0,479.98
10,2024-10-05,86,6,4,799.96,159.99,959.95
11,2025-12-03,122,34,1,399.99,80.0,479.99
12,2025-12-14,98,28,2,1499.98,300.0,1799.98
13,2025-11-18,4,20,2,599.98,120.0,719.98
14,2025-09-06,99,68,2,69.98,14.0,83.98
15,2024-07-12,95,44,1,6.99,1.4,8.39
16,2025-10-08,127,34,5,1999.95,399.99,2399.94
17,2025-12-02,141,54,3,269.97,53.99,323.96
18,2024-12-13,140,1,3,239.97,47.99,287.96
19,2024-10-23,60,6,4,799.96,159.99,959.95
20,2024-09-26,149,17,1,19.99,4.0,23.99
21,2025-12-07,88,70,10,249.9,49.98,299.88
22,2025-05-16,74,67,2,99.98,20.0,119.98
23,2024-09-04,45,1,1,79.99,16.0,95.99
24,2025-10-05,25,36,5,124.95,24.99,149.94
25,2024-11-13,107,32,3,539.97,107.99,647.96
26,2025-12-24,68,7,2,259.98,52.0,311.98
27,2024-10-09,127,3,1,34.99,7.0,41.99
28,2025-10-03,32,6,4,799.96,159.99,959.95
29,2025-12-23,21,31,1,34.99,7.0,41.99
30,2025-02-04,51,70,2,49.98,10.0,59.98
31,2025-10-09,125,72,5,149.95,29.99,179.94
32,2025-10-08,105,35,1,54.99,11.0,65.99
33,2025-11-27,114,54,1,89.99,18.0,107.99
34,2024-09-08,8,73,2,17.98,3.6,21.58
35,2024-09-22,104,19,1,549.99,110.0,659.99
36,2025-10-17,50,10,1,14.99,3.0,17.99
37,2024-10-11,34,17,20,399.8,79.96,479.76
38,2025-03-08,95,68,1,34.99,7.0,41.99
39,2025-05-03,9,3,4,139.96,27.99,167.95
40,2025-04-15,44,34,2,799.98,160.0,959.98
41,2024-11-24,23,4,2,699.98,140.0,839.98
42,2025-09-26,1,4,2,699.98,140.0,839.98
43,2024-11-29,3,1,6,479.94,95.99,575.93
44,2025-03-13,96,53,8,639.92,127.98,767.9
45,2025-02-28,52,4,1,349.99,70.0,419.99
46,2025-08-26,56,3,2,69.98,14.0,83.98
47,2025-10-25,70,6,1,199.99,40.0,239.99
48,2025-08-13,150,54,2,179.98,36.0,215.98
49,2026-01-01,37,19,1,549.99,110.0,659.99
50,2025-06-19,99,15,2,99.98,20.0,119.98
51,2025-11-25,95,26,2,179.98,36.0,215.98
52,2025-06-04,18,39,3,89.97,17.99,107.96
53,2025-05-31,9,36,5,124.95,24.99,149.94
54,2025-05-05,60,36,10,249.9,49.98,299.88
55,2025-05-26,34,22,2,319.98,64.0,383.98
56,2025-10-31,45,19,1,549.99,110.0,659.99
57,2025-10-30,140,36,15,374.85,74.97,449.82
58,2025-07-29,122,14,4,279.96,55.99,335.95
59,2025-12-13,106,3,2,69.98,14.0,83.98
60,2025-12-26,119,37,5,64.95,12.99,77.94
61,2025-11-29,96,21,3,569.97,113.99,683.96
62,2025-03-23,58,67,2,99.98,20.0,119.98
63,2025-11-06,62,54,1,89.99,18.0,107.99
64,2025-07-28,15,43,3,35.97,7.19,43.16
65,2025-01-28,130,3,5,174.95,34.99,209.94
66,2025-07-25,60,54,3,269.97,53.99,323.96
67,2025-02-11,92,35,3,164.97,32.99,197.96
68,2024-12-17,29,69,1,9.99,2.0,11.99
69,2024-11-24,70,19,1,549.99,110.0,659.99
70,2025-05-31,58,54,2,179.98,36.0,215.98
71,2024-07-20,63,3,4,139.96,27.99,167.95
72,2024-08-01,2,31,1,34.99,7.0,41.99
73,2025-02-09,64,55,8,279.92,55.98,335.9
74,2024-12-15,27,40,5,94.95,18.99,113.94
75,2025-07-20,15,32,1,179.99,36.0,215.99
76,2024-11-01,107,45,3,119.97,23.99,143.96
77,2024-09-09,67,14,2,139.98,28.0,167.98
78,2025-10-14,78,54,8,719.92,143.98,863.9
79,2026-01-03,137,42,5,164.95,32.99,197.94
80,2024-11-27,70,49,2,39.98,8.0,47.98
81,2025-10-28,37,55,4,139.96,27.99,167.95
82,2024-07-11,36,63,5,149.95,29.99,179.94
83,2025-10-31,102,3,1,34.99,7.0,41.99
84,2025-03-07,101,45,2,79.98,16.0,95.98
85,2025-06-04,50,3,4,139.96,27.99,167.95
86,2025-12-31,145,6,3,599.97,119.99,719.96
87,2025-12-20,17,38,2,17.98,3.6,21.58
88,2024-07-15,3,71,2,39.98,8.0,47.98
89,2025-11-15,1,61,3,68.97,13.79,82.76
90,2024-12-01,5,10,5,74.95,14.99,89.94
91,2024-12-03,97,11,5,899.95,179.99,1079.94
92,2025-08-31,45,49,3,59.97,11.99,71.96
93,2025-09-13,110,13,8,799.92,159.98,959.9
94,2025-10-11,32,21,1,189.99,38.0,227.99
95,2025-10-25,35,19,1,549.99,110.0,659.99
96,2025-02-25,131,26,2,179.98,36.0,215.98
97,2024-11-30,30,4,3,1049.97,209.99,1259.96
98,2025-04-22,50,35,3,164.97,32.99,197.96
99,2024-09-21,148,19,1,549.99,110.0,659.99
100,2024-07-22,48,23,1,1299.99,260.0,1559.99
101,2025-12-14,92,61,2,45.98,9.2,55.18
102,2024-10-16,82,64,2,79.98,16.0,95.98
103,2025-10-12,61,36,15,374.85,74.97,449.82
104,2024-07-02,77,54,2,179.98,36.0,215.98
105,2025-09-26,96,19,1,549.99,110.0,659.99
106,2024-11-02,121,31,4,139.96,27.99,167.95
107,2024-07-15,8,16,5,124.95,24.99,149.94
108,2025-04-25,91,32,2,359.98,72.0,431.98
109,2025-01-12,19,36,10,249.9,49.98,299.88
110,2025-06-14,11,19,1,549.99,110.0,659.99
111,2025-11-14,89,45,2,79.98,16.0,95.98
112,2025-07-22,33,31,3,104.97,20.99,125.96
113,2025-11-30,75,28,1,749.99,150.0,899.99
114,2025-11-27,82,57,1,12.99,2.6,15.59
115,2024-07-16,122,10,3,44.97,8.99,53.96
116,2025-06-12,6,69,3,29.97,5.99,35.96
117,2025-11-12,23,31,3,104.97,20.99,125.96
118,2025-02-18,7,13,2,199.98,40.0,239.98
119,2024-10-08,64,32,2,359.98,72.0,431.98
120,2025-10-11,75,31,2,69.98,14.0,83.98
121,2025-02-23,37,60,6,359.94,71.99,431.93
122,2024-12-09,63,39,5,149.95,29.99,179.94
123,2025-03-14,65,14,1,69.99,14.0,83.99
124,2025-04-29,123,23,1,1299.99,260.0,1559.99
125,2024-08-20,49,30,3,134.97,26.99,161.96
126,2025-01-11,137,18,1,899.99,180.0,1079.99
127,2024-08-10,98,28,1,749.99,150.0,899.99
128,2025-10-17,74,35,5,274.95,54.99,329.94
129,2025-11-06,59,44,10,69.9,13.98,83.88
130,2024-10-29,147,51,25,249.75,49.95,299.7
131,2025-11-20,95,35,3,164.97,32.99,197.96
132,2025-07-26,27,61,1,22.99,4.6,27.59
133,2025-06-01,5,60,6,359.94,71.99,431.93
134,2025-10-06,60,15,1,49.99,10.0,59.99
135,2024-11-16,64,70,3,74.97,14.99,89.96
136,2024-12-06,142,37,5,64.95,12.99,77.94
137,2025-11-17,69,47,1,22.99,4.6,27.59
138,2026-01-09,14,28,2,1499.98,300.0,1799.98
139,2025-10-09,34,3,1,34.99,7.0,41.99
140,2024-11-06,44,54,1,89.99,18.0,107.99
141,2025-02-24,99,4,5,1749.95,349.99,2099.94
142,2024-12-26,2,35,4,219.96,43.99,263.95
143,2025-11-03,128,15,4,199.96,39.99,239.95
144,2025-07-06,93,55,1,34.99,7.0,41.99
145,2025-12-16,122,8,5,1249.95,249.99,1499.94
146,2025-09-10,79,3,2,69.98,14.0,83.98
147,2024-11-07,121,42,2,65.98,13.2,79.18
148,2025-04-28,17,15,5,249.95,49.99,299.94
149,2025-02-06,87,37,3,38.97,7.79,46.76
150,2025-05-17,74,61,1,22.99,4.6,27.59
151,2024-10-04,128,17,5,99.95,19.99,119.94
152,2025-06-03,123,55,5,174.95,34.99,209.94
153,2025-04-21,97,20,2,599.98,120.0,719.98
154,2024-10-19,96,52,2,299.98,60.0,359.98
155,2024-07-27,135,4,1,349.99,70.0,419.99
156,2025-06-13,10,52,1,149.99,30.0,179.99
157,2024-12-07,67,21,1,189.99,38.0,227.99
158,2024-09-25,129,11,1,179.99,36.0,215.99
159,2025-11-10,77,54,1,89.99,18.0,107.99
160,2025-04-17,104,6,1,199.99,40.0,239.99
161,2024-11-08,150,19,1,549.99,110.0,659.99
162,2025-11-22,42,54,4,359.96,71.99,431.95
163,2025-10-06,70,41,5,74.95,14.99,89.94
164,2025-11-21,61,55,2,69.98,14.0,83.98
165,2025-10-14,98,11,1,179.99,36.0,215.99
166,2025-10-22,121,54,1,89.99,18.0,107.99
167,2025-06-25,30,4,1,349.99,70.0,419.99
168,2024-12-04,132,37,3,38.97,7.79,46.76
169,2025-10-03,107,42,5,164.95,32.99,197.94
170,2024-12-02,91,39,10,299.9,59.98,359.88
171,2025-06-26,69,35,5,274.95,54.99,329.94
172,2024-10-01,103,71,5,99.95,19.99,119.94
173,2024-08-12,142,55,2,69.98,14.0,83.98
174,2024-09-02,82,11,2,359.98,72.0,431.98
175,2025-03-11,114,21,1,189.99,38.0,227.99
176,2025-08-01,99,35,1,54.99,11.0,65.99
177,2025-12-24,119,43,1,11.99,2.4,14.39
178,2025-06-24,133,71,10,199.9,39.98,239.88
179,2025-07-21,9,68,1,34.99,7.0,41.99
180,2025-12-03,64,6,1,199.99,40.0,239.99
181,2025-10-18,39,13,3,299.97,59.99,359.96
182,2025-12-22,62,17,5,99.95,19.99,119.94
183,2025-01-02,41,6,2,399.98,80.0,479.98
184,2025-03-01,139,58,2,39.98,8.0,47.98
185,2025-10-24,53,71,25,499.75,99.95,599.7
186,2025-04-15,77,26,5,449.95,89.99,539.94
187,2025-12-01,116,67,5,249.95,49.99,299.94
188,2024-12-12,93,36,1,24.99,5.0,29.99
189,2025-10-05,22,51,3,29.97,5.99,35.96
190,2024-09-22,7,43,10,119.9,23.98,143.88
191,2025-04-20,19,61,3,68.97,13.79,82.76
192,2024-10-28,116,68,2,69.98,14.0,83.98
193,2025-03-01,67,59,1,27.99,5.6,33.59
194,2025-11-24,12,74,1,39.99,8.0,47.99
195,2025-11-15,67,3,3,104.97,20.99,125.96
196,2025-12-21,103,50,15,119.85,23.97,143.82
197,2025-08-01,2,23,1,1299.99,260.0,1559.99
198,2024-10-15,138,18,1,899.99,180.0,1079.99
199,2024-12-27,144,62,5,74.95,14.99,89.94
200,2024-09-03,23,1,4,319.96,63.99,383.95
201,2025-05-20,105,5,4,359.96,71.99,431.95
202,2025-07-01,122,3,4,139.96,27.99,167.95
203,2025-08-14,85,4,2,699.98,140.0,839.98
204,2025-12-14,6,11,2,359.98,72.0,431.98
205,2025-01-01,6,19,1,549.99,110.0,659.99
206,2025-11-26,3,46,5,79.95,15.99,95.94
207,2024-12-21,93,21,5,949.95,189.99,1139.94
208,2025-10-09,122,70,20,499.8,99.96,599.76
209,2024-12-05,74,23,1,1299.99,260.0,1559.99
210,2025-08-12,8,4,2,699.98,140.0,839.98
211,2024-10-29,37,28,2,1499.98,300.0,1799.98
212,2025-11-15,9,58,2,39.98,8.0,47.98
213,2024-09-28,81,9,3,89.97,17.99,107.96
214,2025-05-04,135,47,3,68.97,13.79,82.76
215,2025-01-22,92,54,3,269.97,53.99,323.96
216,2024-11-10,16,36,25,624.75,124.95,749.7
217,2025-12-21,67,10,1,14.99,3.0,17.99
218,2024-09-14,73,54,3,269.97,53.99,323.96
219,2024-11-10,4,67,1,49.99,10.0,59.99
220,2025-05-27,94,11,1,179.99,36.0,215.99
221,2025-11-08,16,22,2,319.98,64.0,383.98
222,2024-12-23,137,44,15,104.85,20.97,125.82
223,2024-12-22,47,74,2,79.98,16.0,95.98
224,2025-11-22,115,19,1,549.99,110.0,659.99
225,2025-10-10,41,62,3,44.97,8.99,53.96
226,2024-11-25,126,35,8,439.92,87.98,527.9
227,2025-07-15,36,35,2,109.98,22.0,131.98
228,2024-11-19,87,4,3,1049.97,209.99,1259.96
229,2025-10-21,103,40,3,56.97,11.39,68.36
230,2025-08-07,54,7,1,129.99,26.0,155.99
231,2025-10-25,1,56,1,24.99,5.0,29.99
232,2025-07-10,66,54,1,89.99,18.0,107.99
233,2024-09-14,106,55,3,104.97,20.99,125.96
234,2024-10-08,62,47,10,229.9,45.98,275.88
235,2025-12-04,3,4,3,1049.97,209.99,1259.96
236,2025-12-14,109,18,1,899.99,180.0,1079.99
237,2024-12-14,100,39,5,149.95,29.99,179.94
238,2025-12-04,136,61,10,229.9,45.98,275.88
239,2024-10-21,118,1,3,239.97,47.99,287.96
240,2025-02-19,41,49,1,19.99,4.0,23.99
241,2024-08-02,43,35,2,109.98,22.0,131.98
242,2025-01-25,101,8,3,749.97,149.99,899.96
243,2025-05-29,75,4,2,699.98,140.0,839.98
244,2026-01-11,137,34,2,799.98,160.0,959.98
245,2025-11-08,40,27,2,559.98,112.0,671.98
246,2025-11-04,127,3,3,104.97,20.99,125.96
247,2025-08-09,30,19,2,1099.98,220.0,1319.98
248,2025-09-26,44,54,2,179.98,36.0,215.98
249,2025-12-18,46,54,1,89.99,18.0,107.99
250,2024-10-11,126,18,1,899.99,180.0,1079.99
251,2024-12-09,91,26,4,359.96,71.99,431.95
252,2025-04-19,26,30,3,134.97,26.99,161.96
253,2024-08-08,32,5,10,899.9,179.98,1079.88
254,2025-11-20,128,38,15,134.85,26.97,161.82
255,2024-10-18,82,54,3,269.97,53.99,323.96
256,2024-11-15,90,3,2,69.98,14.0,83.98
257,2025-03-21,62,73,5,44.95,8.99,53.94
258,2025-08-20,16,13,1,99.99,20.0,119.99
259,2025-05-28,65,19,2,1099.98,220.0,1319.98
260,2024-11-16,14,60,2,119.98,24.0,143.98
261,2025-11-27,146,16,5,124.95,24.99,149.94
262,2025-07-12,9,59,10,279.9,55.98,335.88
263,2025-08-30,149,28,1,749.99,150.0,899.99
264,2024-09-22,74,55,1,34.99,7.0,41.99
265,2025-11-30,95,35,5,274.95,54.99,329.94
266,2025-01-27,103,8,2,499.98,100.0,599.98
267,2025-10-11,106,40,10,189.9,37.98,227.88
268,2024-07-04,13,9,3,89.97,17.99,107.96
269,2024-09-09,49,18,1,899.99,180.0,1079.99
270,2025-09-04,89,49,3,59.97,11.99,71.96
271,2025-11-14,95,28,1,749.99,150.0,899.99
272,2024-07-04,90,70,3,74.97,14.99,89.96
273,2025-11-14,33,15,1,49.99,10.0,59.99
274,2024-10-09,3,7,1,129.99,26.0,155.99
275,2025-10-28,140,54,10,899.9,179.98,1079.88
276,2025-05-23,71,4,5,1749.95,349.99,2099.94
277,2025-08-28,98,23,1,1299.99,260.0,1559.99
278,2025-11-20,63,49,10,199.9,39.98,239.88
279,2025-08-31,32,61,2,45.98,9.2,55.18
280,2024-11-25,24,54,3,269.97,53.99,323.96
281,2025-11-12,79,12,2,299.98,60.0,359.98
282,2024-12-26,13,25,3,359.97,71.99,431.96
283,2025-02-08,82,1,1,79.99,16.0,95.99
284,2024-10-29,139,32,2,359.98,72.0,431.98
285,2025-08-11,140,37,3,38.97,7.79,46.76
286,2025-03-25,90,37,10,129.9,25.98,155.88
287,2025-01-25,97,19,1,549.99,110.0,659.99
288,2025-10-26,65,32,2,359.98,72.0,431.98
289,2025-12-02,142,59,2,55.98,11.2,67.18
290,2024-12-21,95,70,25,624.75,124.95,749.7
291,2025-12-19,5,7,3,389.97,77.99,467.96
292,2025-10-20,93,8,2,499.98,100.0,599.98
293,2025-11-07,12,54,2,179.98,36.0,215.98
294,2025-04-08,93,56,10,249.9,49.98,299.88
295,2024-10-18,114,6,2,399.98,80.0,479.98
296,2025-11-20,66,32,5,899.95,179.99,1079.94
297,2024-09-21,149,36,3,74.97,14.99,89.96
298,2024-08-27,16,56,5,124.95,24.99,149.94
299,2024-10-06,23,55,2,69.98,14.0,83.98
300,2024-09-15,95,5,1,89.99,18.0,107.99
301,2024-07-17,139,51,20,199.8,39.96,239.76
302,2025-03-04,144,43,3,35.97,7.19,43.16
303,2024-09-19,24,6,3,599.97,119.99,719.96
304,2025-08-11,121,37,3,38.97,7.79,46.76
305,2025-07-20,133,71,2,39.98,8.0,47.98
306,2024-10-20,121,36,2,49.98,10.0,59.98
307,2024-07-06,129,4,1,349.99,70.0,419.99
308,2025-12-07,2,54,1,89.99,18.0,107.99
309,2025-05-29,67,23,1,1299.99,260.0,1559.99
310,2025-03-06,65,19,1,549.99,110.0,659.99
311,2024-11-05,91,47,2,45.98,9.2,55.18
312,2025-11-20,43,18,1,899.99,180.0,1079.99
313,2025-06-06,62,56,10,249.9,49.98,299.88
314,2024-11-17,99,26,2,179.98,36.0,215.98
315,2025-08-12,125,74,4,159.96,31.99,191.95
316,2025-04-14,8,26,3,269.97,53.99,323.96
317,2025-11-29,54,38,15,134.85,26.97,161.82
318,2025-08-23,40,4,3,1049.97,209.99,1259.96
319,2024-09-14,108,65,20,359.8,71.96,431.76
320,2025-09-02,74,69,5,49.95,9.99,59.94
321,2024-10-20,133,22,2,319.98,64.0,383.98
322,2025-08-14,68,3,2,69.98,14.0,83.98
323,2025-12-14,135,58,3,59.97,11.99,71.96
324,2025-11-25,2,38,3,26.97,5.39,32.36
325,2024-10-27,147,19,1,549.99,110.0,659.99
326,2025-12-16,101,37,2,25.98,5.2,31.18
327,2024-10-26,62,22,4,639.96,127.99,767.95
328,2025-12-11,31,36,20,499.8,99.96,599.76
329,2025-08-19,123,4,3,1049.97,209.99,1259.96
330,2025-10-04,75,6,1,199.99,40.0,239.99
331,2024-09-03,105,35,1,54.99,11.0,65.99
332,2025-11-14,131,36,5,124.95,24.99,149.94
333,2025-06-22,42,39,20,599.8,119.96,719.76
334,2024-11-15,36,4,1,349.99,70.0,419.99
335,2025-08-02,65,63,5,149.95,29.99,179.94
336,2024-12-25,102,4,1,349.99,70.0,419.99
337,2024-08-24,112,36,25,624.75,124.95,749.7
338,2025-11-19,92,57,3,38.97,7.79,46.76
339,2024-08-01,3,54,2,179.98,36.0,215.98
340,2025-11-20,18,35,4,219.96,43.99,263.95
341,2025-07-11,139,70,2,49.98,10.0,59.98
342,2025-10-05,63,12,2,299.98,60.0,359.98
343,2025-12-15,136,55,1,34.99,7.0,41.99
344,2025-01-28,117,52,2,299.98,60.0,359.98
345,2025-11-04,113,13,1,99.99,20.0,119.99
346,2025-08-26,142,4,1,349.99,70.0,419.99
347,2025-03-11,102,19,1,549.99,110.0,659.99
348,2024-09-16,26,36,5,124.95,24.99,149.94
349,2025-10-09,81,12,3,449.97,89.99,539.96
350,2025-07-02,76,36,15,374.85,74.97,449.82
351,2025-05-27,97,37,10,129.9,25.98,155.88
352,2024-12-20,80,4,2,699.98,140.0,839.98
353,2025-12-28,142,19,1,549.99,110.0,659.99
354,2024-09-23,51,19,1,549.99,110.0,659.99
355,2025-09-13,11,3,1,34.99,7.0,41.99
356,2025-12-29,8,55,3,104.97,20.99,125.96
357,2025-02-20,17,35,6,329.94,65.99,395.93
358,2024-11-14,134,54,3,269.97,53.99,323.96
359,2024-12-16,127,4,4,1399.96,279.99,1679.95
360,2025-09-27,7,3,3,104.97,20.99,125.96
361,2025-09-13,38,32,2,359.98,72.0,431.98
362,2025-04-18,133,27,2,559.98,112.0,671.98
363,2025-10-07,46,15,1,49.99,10.0,59.99
364,2024-09-11,84,17,3,59.97,11.99,71.96
365,2025-09-04,139,10,1,14.99,3.0,17.99
366,2025-10-08,86,65,10,179.9,35.98,215.88
367,2025-12-08,20,19,1,549.99,110.0,659.99
368,2024-12-07,76,9,2,59.98,12.0,71.98
369,2025-10-12,28,8,1,249.99,50.0,299.99
370,2024-12-27,126,1,1,79.99,16.0,95.99
371,2025-12-18,137,35,1,54.99,11.0,65.99
372,2025-04-02,2,36,2,49.98,10.0,59.98
373,2024-09-17,14,73,2,17.98,3.6,21.58
374,2024-10-14,144,30,4,179.96,35.99,215.95
375,2024-11-30,10,1,3,239.97,47.99,287.96
376,2025-11-01,127,3,3,104.97,20.99,125.96
377,2024-12-06,86,37,15,194.85,38.97,233.82
378,2025-05-15,11,52,2,299.98,60.0,359.98
379,2025-03-06,102,26,4,359.96,71.99,431.95
380,2025-11-22,95,1,8,639.92,127.98,767.9
381,2025-07-21,17,6,2,399.98,80.0,479.98
382,2024-11-23,16,6,4,799.96,159.99,959.95
383,2025-07-17,108,4,2,699.98,140.0,839.98
384,2024-09-02,56,35,6,329.94,65.99,395.93
385,2025-05-31,5,18,1,899.99,180.0,1079.99
386,2024-12-07,69,53,1,79.99,16.0,95.99
387,2025-01-29,18,19,1,549.99,110.0,659.99
388,2024-11-11,126,35,2,109.98,22.0,131.98
389,2025-10-23,66,72,10,299.9,59.98,359.88
390,2025-10-17,9,1,5,399.95,79.99,479.94
391,2024-11-11,66,23,1,1299.99,260.0,1559.99
392,2024-10-09,122,17,1,19.99,4.0,23.99
393,2025-11-29,97,51,3,29.97,5.99,35.96
394,2025-10-28,58,4,1,349.99,70.0,419.99
395,2025-03-09,106,12,1,149.99,30.0,179.99
396,2025-01-21,46,70,10,249.9,49.98,299.88
397,2025-07-03,73,65,2,35.98,7.2,43.18
398,2024-07-27,130,37,3,38.97,7.79,46.76
399,2025-02-24,123,54,5,449.95,89.99,539.94
400,2024-08-27,117,50,3,23.97,4.79,28.76
401,2024-12-25,98,35,6,329.94,65.99,395.93
402,2025-06-26,107,64,3,119.97,23.99,143.96
403,2024-10-30,12,1,2,159.98,32.0,191.98
404,2024-11-11,32,42,1,32.99,6.6,39.59
405,2024-11-23,104,10,3,44.97,8.99,53.96
406,2025-08-10,61,4,3,1049.97,209.99,1259.96
407,2025-11-11,42,72,5,149.95,29.99,179.94
408,2025-12-15,85,19,1,549.99,110.0,659.99
409,2025-08-05,107,55,2,69.98,14.0,83.98
410,2025-02-12,92,3,1,34.99,7.0,41.99
411,2024-12-19,16,43,3,35.97,7.19,43.16
412,2025-03-13,7,7,1,129.99,26.0,155.99
413,2024-12-18,112,45,3,119.97,23.99,143.96
414,2025-11-03,107,29,1,199.99,40.0,239.99
415,2024-11-10,7,4,4,1399.96,279.99,1679.95
416,2024-09-15,26,55,6,209.94,41.99,251.93
417,2025-09-15,68,3,2,69.98,14.0,83.98
418,2025-08-24,137,37,2,25.98,5.2,31.18
419,2025-08-07,30,1,2,159.98,32.0,191.98
420,2025-11-04,2,19,2,1099.98,220.0,1319.98
421,2024-10-27,66,34,1,399.99,80.0,479.99
422,2025-01-06,32,34,2,799.98,160.0,959.98
423,2025-04-02,125,11,2,359.98,72.0,431.98
424,2025-08-28,106,36,10,249.9,49.98,299.88
425,2025-12-31,101,31,2,69.98,14.0,83.98
426,2024-08-05,117,19,1,549.99,110.0,659.99
427,2024-12-25,51,25,1,119.99,24.0,143.99
428,2025-12-20,99,3,1,34.99,7.0,41.99
429,2025-05-30,11,67,4,199.96,39.99,239.95
430,2024-12-01,98,13,6,599.94,119.99,719.93
431,2024-10-12,105,53,2,159.98,32.0,191.98
432,2025-10-28,38,52,1,149.99,30.0,179.99
433,2025-06-05,91,48,1,16.99,3.4,20.39
434,2025-05-07,145,30,1,44.99,9.0,53.99
435,2025-09-27,127,12,1,149.99,30.0,179.99
436,2025-08-21,74,66,10,119.9,23.98,143.88
437,2025-12-01,130,73,1,8.99,1.8,10.79
438,2025-01-22,70,35,4,219.96,43.99,263.95
439,2025-10-19,131,4,1,349.99,70.0,419.99
440,2025-11-30,73,19,1,549.99,110.0,659.99
441,2025-10-07,97,28,2,1499.98,300.0,1799.98
442,2025-11-22,140,2,2,109.98,22.0,131.98
443,2024-12-25,11,55,5,174.95,34.99,209.94
444,2025-04-08,63,28,1,749.99,150.0,899.99
445,2025-08-11,123,48,5,84.95,16.99,101.94
446,2025-10-14,72,42,5,164.95,32.99,197.94
447,2025-12-06,14,52,2,299.98,60.0,359.98
448,2024-07-27,57,52,1,149.99,30.0,179.99
449,2025-01-11,134,61,20,459.8,91.96,551.76
450,2025-12-02,31,72,2,59.98,12.0,71.98
451,2024-11-09,137,24,4,999.96,199.99,1199.95
452,2024-10-29,50,43,3,35.97,7.19,43.16
453,2025-10-18,111,55,3,104.97,20.99,125.96
454,2025-10-27,113,36,3,74.97,14.99,89.96
455,2024-12-02,33,55,6,209.94,41.99,251.93
456,2024-11-24,126,3,2,69.98,14.0,83.98
457,2024-12-29,4,19,1,549.99,110.0,659.99
458,2024-12-10,139,17,5,99.95,19.99,119.94
459,2025-08-18,11,6,3,599.97,119.99,719.96
460,2025-05-26,12,32,1,179.99,36.0,215.99
461,2025-11-19,50,1,2,159.98,32.0,191.98
462,2025-12-15,72,18,1,899.99,180.0,1079.99
463,2025-07-03,66,6,3,599.97,119.99,719.96
464,2024-07-23,64,5,2,179.98,36.0,215.98
465,2025-12-30,109,14,3,209.97,41.99,251.96
466,2024-10-27,65,19,1,549.99,110.0,659.99
467,2024-07-10,133,18,1,899.99,180.0,1079.99
468,2025-12-06,18,3,2,69.98,14.0,83.98
469,2025-03-27,83,38,2,17.98,3.6,21.58
470,2025-01-29,46,3,6,209.94,41.99,251.93
471,2025-11-18,6,10,10,149.9,29.98,179.88
472,2025-03-20,49,1,1,79.99,16.0,95.99
473,2024-08-10,124,3,1,34.99,7.0,41.99
474,2024-10-18,41,37,20,259.8,51.96,311.76
475,2024-10-04,62,36,3,74.97,14.99,89.96
476,2025-07-30,77,22,1,159.99,32.0,191.99
477,2024-08-30,27,62,10,149.9,29.98,179.88
478,2025-01-02,110,4,2,699.98,140.0,839.98
479,2025-08-26,122,54,4,359.96,71.99,431.95
480,2025-02-15,72,13,2,199.98,40.0,239.98
481,2025-11-06,124,20,3,899.97,179.99,1079.96
482,2024-10-21,101,22,1,159.99,32.0,191.99
483,2025-03-04,93,36,3,74.97,14.99,89.96
484,2025-10-14,97,64,2,79.98,16.0,95.98
485,2025-11-22,12,36,1,24.99,5.0,29.99
486,2024-10-02,110,66,5,59.95,11.99,71.94
487,2025-10-11,84,29,3,599.97,119.99,719.96
488,2025-10-28,74,15,1,49.99,10.0,59.99
489,2024-07-03,59,48,10,169.9,33.98,203.88
490,2024-12-16,136,53,1,79.99,16.0,95.99
491,2025-11-20,33,14,4,279.96,55.99,335.95
492,2024-11-04,79,65,1,17.99,3.6,21.59
493,2025-12-26,106,75,2,89.98,18.0,107.98
494,2024-12-29,42,17,1,19.99,4.0,23.99
495,2025-05-26,99,32,1,179.99,36.0,215.99
496,2025-04-28,67,66,2,23.98,4.8,28.78
497,2025-05-18,141,6,2,399.98,80.0,479.98
498,2025-06-19,126,23,1,1299.99,260.0,1559.99
499,2025-05-27,106,74,8,319.92,63.98,383.9
500,2025-12-29,68,67,1,49.99,10.0,59.99
501,2024-08-24,129,37,5,64.95,12.99,77.94
502,2024-09-02,129,46,10,159.9,31.98,191.88
503,2025-02-15,46,37,5,64.95,12.99,77.94
504,2025-07-26,144,54,1,89.99,18.0,107.99
505,2025-01-24,79,48,10,169.9,33.98,203.88
506,2025-01-18,59,10,2,29.98,6.0,35.98
507,2025-12-09,3,72,2,59.98,12.0,71.98
508,2025-11-29,20,35,3,164.97,32.99,197.96
509,2025-05-05,73,35,3,164.97,32.99,197.96
510,2025-12-16,93,54,3,269.97,53.99,323.96
511,2025-02-12,72,28,2,1499.98,300.0,1799.98
512,2025-10-30,149,2,1,54.99,11.0,65.99
513,2025-03-04,110,1,3,239.97,47.99,287.96
514,2024-10-25,95,4,4,1399.96,279.99,1679.95
515,2025-07-19,102,6,1,199.99,40.0,239.99
516,2024-10-07,130,1,3,239.97,47.99,287.96
517,2025-02-04,7,36,5,124.95,24.99,149.94
518,2024-12-05,126,3,1,34.99,7.0,41.99
519,2025-03-15,45,53,2,159.98,32.0,191.98
520,2025-09-17,8,9,10,299.9,59.98,359.88
521,2024-09-13,49,39,5,149.95,29.99,179.94
522,2025-09-22,22,69,2,19.98,4.0,23.98
523,2025-12-21,124,48,20,339.8,67.96,407.76
524,2024-11-22,1,51,3,29.97,5.99,35.96
525,2025-11-14,122,19,1,549.99,110.0,659.99
526,2025-10-24,107,71,3,59.97,11.99,71.96
527,2025-04-24,33,63,20,599.8,119.96,719.76
528,2025-12-19,33,37,2,25.98,5.2,31.18
529,2024-12-04,74,55,1,34.99,7.0,41.99
530,2025-02-12,48,18,1,899.99,180.0,1079.99
531,2025-11-04,73,63,5,149.95,29.99,179.94
532,2024-09-22,29,26,2,179.98,36.0,215.98
533,2024-09-17,113,75,3,134.97,26.99,161.96
534,2025-02-03,105,70,3,74.97,14.99,89.96
535,2025-07-10,118,38,1,8.99,1.8,10.79
536,2024-10-01,93,6,3,599.97,119.99,719.96
537,2024-12-17,19,23,1,1299.99,260.0,1559.99
538,2024-11-27,101,6,1,199.99,40.0,239.99
539,2024-10-30,34,47,3,68.97,13.79,82.76
540,2024-12-23,126,36,15,374.85,74.97,449.82
541,2026-01-09,65,23,1,1299.99,260.0,1559.99
542,2025-02-14,63,62,15,224.85,44.97,269.82
543,2024-11-20,35,19,1,549.99,110.0,659.99
544,2025-07-06,143,35,4,219.96,43.99,263.95
545,2025-11-03,108,36,1,24.99,5.0,29.99
546,2024-12-12,93,55,1,34.99,7.0,41.99
547,2025-01-01,97,37,20,259.8,51.96,311.76
548,2025-10-26,51,36,5,124.95,24.99,149.94
549,2025-01-03,41,44,20,139.8,27.96,167.76
550,2024-11-19,2,54,3,269.97,53.99,323.96
551,2024-10-07,100,69,3,29.97,5.99,35.96
552,2025-11-06,109,1,6,479.94,95.99,575.93
553,2025-09-15,3,55,1,34.99,7.0,41.99
554,2025-07-26,149,74,1,39.99,8.0,47.99
555,2025-11-01,16,54,2,179.98,36.0,215.98
556,2024-07-08,1,28,1,749.99,150.0,899.99
557,2025-11-24,47,54,2,179.98,36.0,215.98
558,2025-04-09,34,72,3,89.97,17.99,107.96
559,2025-11-08,40,51,10,99.9,19.98,119.88
560,2024-10-30,79,21,1,189.99,38.0,227.99
561,2025-06-12,134,21,1,189.99,38.0,227.99
562,2024-10-02,111,56,1,24.99,5.0,29.99
563,2025-10-05,76,67,2,99.98,20.0,119.98
564,2024-08-28,141,2,1,54.99,11.0,65.99
565,2025-12-13,3,66,3,35.97,7.19,43.16
566,2024-12-21,74,1,8,639.92,127.98,767.9
567,2025-04-09,66,26,3,269.97,53.99,323.96
568,2024-09-09,137,75,2,89.98,18.0,107.98
569,2025-10-25,76,34,1,399.99,80.0,479.99
570,2024-09-13,8,33,4,1799.96,359.99,2159.95
571,2025-03-14,117,32,3,539.97,107.99,647.96
572,2025-10-13,108,62,1,14.99,3.0,17.99
573,2025-02-11,61,46,3,47.97,9.59,57.56
574,2025-10-12,128,10,5,74.95,14.99,89.94
575,2025-05-18,58,6,2,399.98,80.0,479.98
576,2025-03-05,33,46,2,31.98,6.4,38.38
577,2024-09-19,110,54,8,719.92,143.98,863.9
578,2025-07-16,107,63,2,59.98,12.0,71.98
579,2025-12-06,35,17,1,19.99,4.0,23.99
580,2025-11-02,23,51,15,149.85,29.97,179.82
581,2025-10-12,145,41,5,74.95,14.99,89.94
582,2025-02-01,64,34,1,399.99,80.0,479.99
583,2025-04-02,74,36,2,49.98,10.0,59.98
584,2025-07-17,69,4,5,1749.95,349.99,2099.94
585,2024-10-11,46,49,2,39.98,8.0,47.98
586,2024-12-01,11,37,1,12.99,2.6,15.59
587,2025-12-12,71,39,2,59.98,12.0,71.98
588,2024-08-18,14,19,1,549.99,110.0,659.99
589,2025-10-04,47,71,5,99.95,19.99,119.94
590,2025-10-16,124,26,3,269.97,53.99,323.96
591,2025-11-06,124,58,15,299.85,59.97,359.82
592,2025-04-20,51,44,3,20.97,4.19,25.16
593,2025-08-19,31,35,2,109.98,22.0,131.98
594,2025-03-31,69,47,10,229.9,45.98,275.88
595,2025-10-05,32,17,10,199.9,39.98,239.88
596,2024-11-20,5,61,3,68.97,13.79,82.76
597,2025-08-11,27,4,1,349.99,70.0,419.99
598,2025-08-04,39,17,1,19.99,4.0,23.99
599,2024-11-15,81,60,8,479.92,95.98,575.9
600,2025-04-05,125,59,5,139.95,27.99,167.94
601,2025-09-19,50,62,3,44.97,8.99,53.96
602,2025-09-26,10,1,3,239.97,47.99,287.96
603,2024-11-17,91,63,20,599.8,119.96,719.76
604,2024-07-10,109,1,3,239.97,47.99,287.96
605,2025-09-21,128,49,2,39.98,8.0,47.98
606,2025-03-03,110,35,2,109.98,22.0,131.98
607,2025-04-02,52,3,3,104.97,20.99,125.96
608,2025-04-05,71,1,8,639.92,127.98,767.9
609,2024-10-13,9,2,1,54.99,11.0,65.99
610,2025-11-18,67,37,25,324.75,64.95,389.7
611,2024-08-02,30,36,1,24.99,5.0,29.99
612,2025-01-13,65,16,25,624.75,124.95,749.7
613,2025-07-30,128,26,2,179.98,36.0,215.98
614,2025-12-16,44,40,20,379.8,75.96,455.76
615,2024-08-13,18,19,1,549.99,110.0,659.99
616,2025-02-09,68,4,3,1049.97,209.99,1259.96
617,2025-08-10,3,61,5,114.95,22.99,137.94
618,2024-12-03,100,1,1,79.99,16.0,95.99
619,2026-01-01,35,54,4,359.96,71.99,431.95
620,2025-09-23,65,28,1,749.99,150.0,899.99
621,2025-09-22,102,4,2,699.98,140.0,839.98
622,2025-10-23,99,71,2,39.98,8.0,47.98
623,2025-10-04,37,59,1,27.99,5.6,33.59
624,2025-07-24,120,31,2,69.98,14.0,83.98
625,2026-01-03,124,71,2,39.98,8.0,47.98
626,2025-08-24,94,6,3,599.97,119.99,719.96
627,2024-12-02,3,50,5,39.95,7.99,47.94
628,2025-10-29,15,6,2,399.98,80.0,479.98
629,2024-09-20,74,54,5,449.95,89.99,539.94
630,2024-08-29,3,39,1,29.99,6.0,35.99
631,2025-12-14,127,36,2,49.98,10.0,59.98
632,2025-03-12,116,54,4,359.96,71.99,431.95
633,2025-07-02,78,22,3,479.97,95.99,575.96
634,2025-11-29,31,57,20,259.8,51.96,311.76
635,2026-01-15,64,56,15,374.85,74.97,449.82
636,2025-03-04,130,33,1,449.99,90.0,539.99
637,2025-10-05,119,4,5,1749.95,349.99,2099.94
638,2025-05-04,61,19,2,1099.98,220.0,1319.98
639,2024-12-06,70,28,1,749.99,150.0,899.99
640,2025-11-08,66,28,1,749.99,150.0,899.99
641,2025-11-07,125,13,3,299.97,59.99,359.96
642,2025-10-08,82,36,3,74.97,14.99,89.96
643,2025-02-18,21,49,1,19.99,4.0,23.99
644,2025-05-23,93,20,1,299.99,60.0,359.99
645,2025-08-07,107,29,2,399.98,80.0,479.98
646,2024-11-29,6,7,2,259.98,52.0,311.98
647,2025-08-13,19,62,5,74.95,14.99,89.94
648,2025-01-17,114,3,2,69.98,14.0,83.98
649,2024-11-22,63,35,3,164.97,32.99,197.96
650,2025-11-14,79,57,1,12.99,2.6,15.59
651,2025-01-21,127,15,4,199.96,39.99,239.95
652,2024-11-29,59,3,2,69.98,14.0,83.98
653,2025-12-08,95,34,2,799.98,160.0,959.98
654,2024-11-22,133,55,6,209.94,41.99,251.93
655,2025-11-06,125,7,2,259.98,52.0,311.98
656,2024-09-07,123,23,1,1299.99,260.0,1559.99
657,2025-11-18,136,35,2,109.98,22.0,131.98
658,2024-12-04,116,3,1,34.99,7.0,41.99
659,2025-05-09,31,35,2,109.98,22.0,131.98
660,2025-11-26,4,50,15,119.85,23.97,143.82
661,2024-07-31,55,36,5,124.95,24.99,149.94
662,2025-07-27,131,54,1,89.99,18.0,107.99
663,2025-05-16,95,4,2,699.98,140.0,839.98
664,2025-01-24,126,18,1,899.99,180.0,1079.99
665,2024-11-26,107,41,1,14.99,3.0,17.99
666,2024-10-30,10,41,15,224.85,44.97,269.82
667,2025-08-26,131,36,2,49.98,10.0,59.98
668,2024-11-12,129,35,3,164.97,32.99,197.96
669,2025-10-04,125,18,1,899.99,180.0,1079.99
670,2025-11-19,19,6,1,199.99,40.0,239.99
671,2024-07-16,55,26,4,359.96,71.99,431.95
672,2025-09-23,71,32,2,359.98,72.0,431.98
673,2025-07-25,128,69,3,29.97,5.99,35.96
674,2024-08-09,13,32,2,359.98,72.0,431.98
675,2024-08-10,131,25,1,119.99,24.0,143.99
676,2025-05-08,31,7,2,259.98,52.0,311.98
677,2025-10-18,89,54,1,89.99,18.0,107.99
678,2025-11-22,2,55,6,209.94,41.99,251.93
679,2025-10-09,61,21,3,569.97,113.99,683.96
680,2024-10-25,131,71,10,199.9,39.98,239.88
681,2025-12-06,41,70,1,24.99,5.0,29.99
682,2025-06-09,20,4,1,349.99,70.0,419.99
683,2025-09-03,79,4,1,349.99,70.0,419.99
684,2025-11-02,92,70,10,249.9,49.98,299.88
685,2025-11-18,98,59,3,83.97,16.79,100.76
686,2024-12-10,121,27,1,279.99,56.0,335.99
687,2025-10-05,109,3,1,34.99,7.0,41.99
688,2024-12-30,39,74,4,159.96,31.99,191.95
689,2025-10-10,74,12,3,449.97,89.99,539.96
690,2025-07-24,106,37,1,12.99,2.6,15.59
691,2025-04-08,34,8,1,249.99,50.0,299.99
692,2025-12-24,111,37,3,38.97,7.79,46.76
693,2025-03-23,83,73,3,26.97,5.39,32.36
694,2025-11-22,42,30,4,179.96,35.99,215.95
695,2024-11-29,18,27,3,839.97,167.99,1007.96
696,2025-11-14,131,6,2,399.98,80.0,479.98
697,2024-09-08,71,15,3,149.97,29.99,179.96
698,2024-07-30,62,62,20,299.8,59.96,359.76
699,2024-11-17,131,69,15,149.85,29.97,179.82
700,2025-08-28,94,35,3,164.97,32.99,197.96
701,2025-06-05,83,4,1,349.99,70.0,419.99
702,2025-07-20,117,24,2,499.98,100.0,599.98
703,2025-05-12,3,3,2,69.98,14.0,83.98
704,2025-10-06,60,19,1,549.99,110.0,659.99
705,2024-08-08,89,62,20,299.8,59.96,359.76
706,2025-06-14,104,35,1,54.99,11.0,65.99
707,2025-12-11,19,1,2,159.98,32.0,191.98
708,2025-12-17,40,12,1,149.99,30.0,179.99
709,2024-10-14,133,3,3,104.97,20.99,125.96
710,2025-01-31,38,57,5,64.95,12.99,77.94
711,2024-12-09,1,72,3,89.97,17.99,107.96
712,2025-06-24,126,74,1,39.99,8.0,47.99
713,2025-06-12,2,7,1,129.99,26.0,155.99
714,2025-09-10,108,58,5,99.95,19.99,119.94
715,2025-01-19,105,37,5,64.95,12.99,77.94
716,2025-10-23,40,60,2,119.98,24.0,143.98
717,2024-11-25,120,35,2,109.98,22.0,131.98
718,2025-06-04,90,9,3,89.97,17.99,107.96
719,2025-10-16,59,74,1,39.99,8.0,47.99
720,2024-10-18,122,19,1,549.99,110.0,659.99
721,2025-11-01,101,52,1,149.99,30.0,179.99
722,2025-09-15,62,31,1,34.99,7.0,41.99
723,2025-11-11,99,72,1,29.99,6.0,35.99
724,2025-05-12,7,49,2,39.98,8.0,47.98
725,2024-10-18,149,1,4,319.96,63.99,383.95
726,2025-10-07,75,58,2,39.98,8.0,47.98
727,2025-12-26,68,45,10,399.9,79.98,479.88
728,2025-12-05,9,8,1,249.99,50.0,299.99
729,2024-12-11,83,19,2,1099.98,220.0,1319.98
730,2025-08-08,76,71,2,39.98,8.0,47.98
731,2024-11-20,65,47,15,344.85,68.97,413.82
732,2024-11-06,5,19,1,549.99,110.0,659.99
733,2025-09-21,9,54,5,449.95,89.99,539.94
734,2025-09-09,78,58,3,59.97,11.99,71.96
735,2025-09-08,137,54,2,179.98,36.0,215.98
736,2025-10-05,136,71,3,59.97,11.99,71.96
737,2024-11-23,104,36,3,74.97,14.99,89.96
738,2024-12-20,133,54,4,359.96,71.99,431.95
739,2024-08-24,11,66,20,239.8,47.96,287.76
740,2025-06-05,59,1,3,239.97,47.99,287.96
741,2025-05-08,14,75,1,44.99,9.0,53.99
742,2025-04-25,49,17,3,59.97,11.99,71.96
743,2025-12-18,37,3,3,104.97,20.99,125.96
744,2024-12-02,74,34,3,1199.97,239.99,1439.96
745,2025-01-02,82,19,1,549.99,110.0,659.99
746,2025-11-20,77,31,3,104.97,20.99,125.96
747,2024-12-19,127,7,2,259.98,52.0,311.98
748,2024-10-27,70,52,2,299.98,60.0,359.98
749,2025-12-28,124,61,2,45.98,9.2,55.18
750,2025-11-27,61,6,1,199.99,40.0,239.99
751,2025-06-28,122,43,2,23.98,4.8,28.78
752,2025-03-19,130,31,4,139.96,27.99,167.95
753,2025-01-16,42,1,3,239.97,47.99,287.96
754,2024-07-13,134,29,3,599.97,119.99,719.96
755,2024-10-12,99,28,2,1499.98,300.0,1799.98
756,2024-10-31,99,55,5,174.95,34.99,209.94
757,2024-10-22,47,3,3,104.97,20.99,125.96
758,2025-04-10,133,42,2,65.98,13.2,79.18
759,2025-04-10,62,34,5,1999.95,399.99,2399.94
760,2025-10-26,42,14,1,69.99,14.0,83.99
761,2025-02-09,69,14,1,69.99,14.0,83.99
762,2025-03-14,92,1,6,479.94,95.99,575.93
763,2025-11-12,117,37,3,38.97,7.79,46.76
764,2024-09-10,125,62,1,14.99,3.0,17.99
765,2025-07-03,4,12,1,149.99,30.0,179.99
766,2025-11-28,49,23,1,1299.99,260.0,1559.99
767,2025-11-19,141,63,1,29.99,6.0,35.99
768,2025-10-25,98,36,1,24.99,5.0,29.99
769,2025-05-12,89,3,1,34.99,7.0,41.99
770,2024-08-13,122,59,20,559.8,111.96,671.76
771,2025-12-14,5,4,2,699.98,140.0,839.98
772,2024-12-23,32,40,15,284.85,56.97,341.82
773,2024-12-22,25,14,1,69.99,14.0,83.99
774,2025-10-26,128,42,1,32.99,6.6,39.59
775,2025-10-28,108,3,1,34.99,7.0,41.99
776,2025-11-17,79,55,1,34.99,7.0,41.99
777,2025-07-21,92,1,1,79.99,16.0,95.99
778,2025-04-17,150,17,2,39.98,8.0,47.98
779,2025-12-18,46,5,3,269.97,53.99,323.96
780,2024-09-29,73,72,2,59.98,12.0,71.98
781,2025-12-25,120,71,3,59.97,11.99,71.96
782,2025-10-25,10,61,3,68.97,13.79,82.76
783,2024-11-16,68,55,5,174.95,34.99,209.94
784,2024-10-07,52,1,2,159.98,32.0,191.98
785,2025-02-26,71,42,1,32.99,6.6,39.59
786,2025-11-22,85,10,3,44.97,8.99,53.96
787,2025-12-18,75,70,10,249.9,49.98,299.88
788,2025-10-17,97,4,1,349.99,70.0,419.99
789,2025-11-13,39,22,2,319.98,64.0,383.98
790,2025-12-06,44,60,2,119.98,24.0,143.98
791,2025-11-25,108,74,6,239.94,47.99,287.93
792,2024-11-30,103,54,2,179.98,36.0,215.98
793,2024-10-09,46,1,3,239.97,47.99,287.96
794,2025-11-07,6,19,1,549.99,110.0,659.99
795,2024-07-25,19,52,1,149.99,30.0,179.99
796,2025-10-19,11,10,3,44.97,8.99,53.96
797,2025-12-26,68,70,5,124.95,24.99,149.94
798,2024-09-21,4,47,15,344.85,68.97,413.82
799,2025-07-10,64,54,4,359.96,71.99,431.95
800,2025-11-12,8,75,5,224.95,44.99,269.94
801,2025-02-16,113,36,1,24.99,5.0,29.99
802,2025-10-07,104,61,10,229.9,45.98,275.88
803,2025-12-28,89,9,2,59.98,12.0,71.98
804,2024-10-23,5,19,1,549.99,110.0,659.99
805,2024-12-02,114,3,2,69.98,14.0,83.98
806,2026-01-06,77,3,2,69.98,14.0,83.98
807,2025-02-23,72,44,5,34.95,6.99,41.94
808,2025-11-10,135,71,3,59.97,11.99,71.96
809,2024-11-13,60,19,1,549.99,110.0,659.99
810,2025-04-22,63,4,2,699.98,140.0,839.98
811,2025-12-31,32,20,1,299.99,60.0,359.99
812,2025-05-21,64,54,4,359.96,71.99,431.95
813,2025-11-27,41,16,20,499.8,99.96,599.76
814,2025-11-24,80,20,1,299.99,60.0,359.99
815,2025-12-02,126,19,2,1099.98,220.0,1319.98
816,2024-11-28,137,57,2,25.98,5.2,31.18
817,2025-11-03,29,15,2,99.98,20.0,119.98
818,2025-02-11,4,25,2,239.98,48.0,287.98
819,2025-10-11,79,12,5,749.95,149.99,899.94
820,2025-11-15,99,8,4,999.96,199.99,1199.95
821,2024-11-29,78,52,1,149.99,30.0,179.99
822,2025-05-12,26,37,10,129.9,25.98,155.88
823,2025-11-24,77,55,3,104.97,20.99,125.96
824,2025-05-07,82,55,4,139.96,27.99,167.95
825,2025-08-24,32,73,10,89.9,17.98,107.88
826,2025-01-07,92,19,1,549.99,110.0,659.99
827,2025-10-18,1,19,2,1099.98,220.0,1319.98
828,2025-10-27,123,54,1,89.99,18.0,107.99
829,2025-11-05,15,47,5,114.95,22.99,137.94
830,2025-03-22,135,48,3,50.97,10.19,61.16
831,2025-10-08,70,18,1,899.99,180.0,1079.99
832,2025-07-05,83,19,1,549.99,110.0,659.99
833,2025-12-09,121,3,3,104.97,20.99,125.96
834,2025-05-27,144,35,3,164.97,32.99,197.96
835,2024-10-07,73,2,1,54.99,11.0,65.99
836,2025-11-09,31,4,2,699.98,140.0,839.98
837,2025-12-21,146,15,2,99.98,20.0,119.98
838,2024-10-28,22,40,5,94.95,18.99,113.94
839,2025-09-26,139,23,1,1299.99,260.0,1559.99
840,2024-10-30,125,6,1,199.99,40.0,239.99
841,2024-09-19,18,37,10,129.9,25.98,155.88
842,2024-10-19,123,8,2,499.98,100.0,599.98
843,2024-12-25,7,27,2,559.98,112.0,671.98
844,2025-10-19,58,45,2,79.98,16.0,95.98
845,2025-03-05,98,68,1,34.99,7.0,41.99
846,2025-12-08,127,6,4,799.96,159.99,959.95
847,2025-10-30,98,3,1,34.99,7.0,41.99
848,2025-07-24,77,35,1,54.99,11.0,65.99
849,2024-11-17,74,72,10,299.9,59.98,359.88
850,2025-11-18,39,40,5,94.95,18.99,113.94
851,2025-02-17,68,3,6,209.94,41.99,251.93
852,2025-12-26,17,71,5,99.95,19.99,119.94
853,2024-11-24,125,14,4,279.96,55.99,335.95
854,2024-12-20,33,55,5,174.95,34.99,209.94
855,2025-02-24,48,75,3,134.97,26.99,161.96
856,2025-08-14,76,66,2,23.98,4.8,28.78
857,2024-10-19,92,18,1,899.99,180.0,1079.99
858,2024-09-08,32,52,1,149.99,30.0,179.99
859,2024-10-07,133,64,4,159.96,31.99,191.95
860,2025-11-22,47,70,3,74.97,14.99,89.96
861,2024-08-02,28,52,4,599.96,119.99,719.95
862,2024-12-11,140,4,2,699.98,140.0,839.98
863,2025-08-03,124,71,5,99.95,19.99,119.94
864,2025-10-31,41,51,2,19.98,4.0,23.98
865,2025-07-22,39,1,3,239.97,47.99,287.96
866,2025-07-11,12,44,3,20.97,4.19,25.16
867,2025-07-01,36,19,1,549.99,110.0,659.99
868,2024-09-06,31,35,1,54.99,11.0,65.99
869,2025-09-06,58,37,5,64.95,12.99,77.94
870,2025-07-22,7,13,3,299.97,59.99,359.96
871,2025-11-21,139,22,2,319.98,64.0,383.98
872,2025-12-21,25,69,2,19.98,4.0,23.98
873,2025-05-01,35,12,3,449.97,89.99,539.96
874,2025-12-12,111,45,4,159.96,31.99,191.95
875,2025-05-06,123,26,2,179.98,36.0,215.98
876,2025-12-10,139,3,3,104.97,20.99,125.96
877,2025-01-08,128,35,6,329.94,65.99,395.93
878,2025-09-18,14,47,3,68.97,13.79,82.76
879,2025-05-04,5,53,2,159.98,32.0,191.98
880,2024-12-12,99,6,1,199.99,40.0,239.99
881,2025-03-09,92,56,3,74.97,14.99,89.96
882,2025-10-18,38,23,1,1299.99,260.0,1559.99
883,2025-11-10,14,11,1,179.99,36.0,215.99
884,2024-09-04,64,12,1,149.99,30.0,179.99
885,2024-11-21,97,16,3,74.97,14.99,89.96
886,2025-12-20,6,3,4,139.96,27.99,167.95
887,2025-08-04,78,3,1,34.99,7.0,41.99
888,2025-09-24,24,48,5,84.95,16.99,101.94
889,2026-01-10,48,19,1,549.99,110.0,659.99
890,2025-12-17,128,7,2,259.98,52.0,311.98
891,2025-11-19,125,23,1,1299.99,260.0,1559.99
892,2025-09-27,86,33,1,449.99,90.0,539.99
893,2025-10-21,141,36,10,249.9,49.98,299.88
894,2024-09-21,111,43,10,119.9,23.98,143.88
895,2024-10-11,145,3,2,69.98,14.0,83.98
896,2026-01-12,12,24,2,499.98,100.0,599.98
897,2024-11-17,33,41,5,74.95,14.99,89.94
898,2025-03-13,142,53,4,319.96,63.99,383.95
899,2025-11-02,29,55,5,174.95,34.99,209.94
900,2025-11-17,65,74,1,39.99,8.0,47.99
901,2025-02-20,53,4,1,349.99,70.0,419.99
902,2025-11-17,97,54,2,179.98,36.0,215.98
903,2025-10-08,112,6,1,199.99,40.0,239.99
904,2025-12-03,68,28,2,1499.98,300.0,1799.98
905,2025-01-10,10,19,1,549.99,110.0,659.99
906,2025-03-12,80,37,1,12.99,2.6,15.59
907,2025-08-12,136,33,1,449.99,90.0,539.99
908,2024-08-23,63,6,1,199.99,40.0,239.99
909,2025-07-26,64,54,1,89.99,18.0,107.99
910,2024-12-21,72,17,1,19.99,4.0,23.99
911,2025-10-15,9,36,10,249.9,49.98,299.88
912,2025-04-16,129,67,2,99.98,20.0,119.98
913,2025-05-20,20,57,1,12.99,2.6,15.59
914,2025-11-30,126,15,10,499.9,99.98,599.88
915,2024-08-11,116,64,1,39.99,8.0,47.99
916,2024-11-29,6,19,1,549.99,110.0,659.99
917,2025-12-03,117,75,1,44.99,9.0,53.99
918,2024-07-05,77,32,3,539.97,107.99,647.96
919,2025-12-27,28,71,20,399.8,79.96,479.76
920,2025-10-11,136,59,5,139.95,27.99,167.94
921,2024-07-06,100,42,8,263.92,52.78,316.7
922,2024-11-10,4,37,2,25.98,5.2,31.18
923,2024-09-11,16,28,1,749.99,150.0,899.99
924,2025-10-27,130,20,1,299.99,60.0,359.99
925,2025-09-16,144,46,5,79.95,15.99,95.94
926,2025-12-07,69,61,2,45.98,9.2,55.18
927,2024-10-01,74,56,5,124.95,24.99,149.94
928,2025-12-08,70,20,4,1199.96,239.99,1439.95
929,2025-12-20,70,62,2,29.98,6.0,35.98
930,2025-05-04,49,71,1,19.99,4.0,23.99
931,2024-10-19,77,55,5,174.95,34.99,209.94
932,2024-09-22,128,23,1,1299.99,260.0,1559.99
933,2024-12-30,98,58,5,99.95,19.99,119.94
934,2025-10-11,109,3,2,69.98,14.0,83.98
935,2025-10-22,80,63,2,59.98,12.0,71.98
936,2025-07-05,144,52,1,149.99,30.0,179.99
937,2025-10-03,43,27,2,559.98,112.0,671.98
938,2025-03-05,105,19,1,549.99,110.0,659.99
939,2025-10-22,148,63,3,89.97,17.99,107.96
940,2025-12-12,86,1,1,79.99,16.0,95.99
941,2025-09-16,148,71,25,499.75,99.95,599.7
942,2025-08-14,110,63,2,59.98,12.0,71.98
943,2024-07-20,5,36,15,374.85,74.97,449.82
944,2025-06-21,31,6,2,399.98,80.0,479.98
945,2025-12-02,124,55,5,174.95,34.99,209.94
946,2025-10-23,39,50,20,159.8,31.96,191.76
947,2025-07-04,41,37,5,64.95,12.99,77.94
948,2025-11-07,33,37,1,12.99,2.6,15.59
949,2025-11-18,34,3,2,69.98,14.0,83.98
950,2024-12-10,93,3,2,69.98,14.0,83.98
951,2025-10-29,72,6,3,599.97,119.99,719.96
952,2024-12-02,113,14,4,279.96,55.99,335.95
953,2025-09-22,149,3,4,139.96,27.99,167.95
954,2024-10-13,23,22,2,319.98,64.0,383.98
955,2025-11-07,139,13,1,99.99,20.0,119.99
956,2024-11-19,33,54,4,359.96,71.99,431.95
957,2025-10-29,93,19,1,549.99,110.0,659.99
958,2025-07-05,129,54,4,359.96,71.99,431.95
959,2025-09-13,70,67,4,199.96,39.99,239.95
960,2024-07-31,136,9,1,29.99,6.0,35.99
961,2024-12-16,66,20,4,1199.96,239.99,1439.95
962,2025-12-15,87,71,15,299.85,59.97,359.82
963,2025-05-18,38,19,1,549.99,110.0,659.99
964,2025-01-27,110,45,6,239.94,47.99,287.93
965,2025-08-19,26,35,2,109.98,22.0,131.98
966,2024-11-07,105,3,3,104.97,20.99,125.96
967,2025-06-14,2,70,5,124.95,24.99,149.94
968,2025-05-08,28,48,2,33.98,6.8,40.78
969,2024-11-04,122,58,2,39.98,8.0,47.98
970,2025-10-08,36,75,3,134.97,26.99,161.96
971,2025-12-29,55,52,2,299.98,60.0,359.98
972,2024-11-21,104,14,2,139.98,28.0,167.98
973,2025-07-05,68,11,1,179.99,36.0,215.99
974,2024-11-11,79,54,2,179.98,36.0,215.98
975,2025-08-09,131,57,5,64.95,12.99,77.94
976,2025-08-31,9,59,1,27.99,5.6,33.59
977,2025-12-24,34,5,4,359.96,71.99,431.95
978,2025-07-14,67,35,3,164.97,32.99,197.96
979,2024-12-04,40,39,2,59.98,12.0,71.98
980,2024-11-24,98,40,15,284.85,56.97,341.82
981,2025-11-13,96,1,2,159.98,32.0,191.98
982,2025-10-07,85,17,10,199.9,39.98,239.88
983,2025-10-15,133,42,1,32.99,6.6,39.59
984,2025-08-24,82,57,10,129.9,25.98,155.88
985,2024-12-17,107,40,5,94.95,18.99,113.94
986,2024-12-19,139,55,3,104.97,20.99,125.96
987,2025-11-27,28,69,2,19.98,4.0,23.98
988,2025-12-30,118,69,5,49.95,9.99,59.94
989,2024-08-16,82,54,1,89.99,18.0,107.99
990,2025-10-15,115,4,1,349.99,70.0,419.99
991,2024-12-05,67,8,2,499.98,100.0,599.98
992,2024-07-28,7,36,15,374.85,74.97,449.82
993,2024-11-01,36,31,2,69.98,14.0,83.98
994,2025-07-30,61,53,1,79.99,16.0,95.99
995,2025-02-25,96,13,1,99.99,20.0,119.99
996,2024-11-06,67,65,2,35.98,7.2,43.18
997,2025-07-18,36,55,8,279.92,55.98,335.9
998,2024-11-29,120,4,1,349.99,70.0,419.99
999,2025-11-06,37,49,25,499.75,99.95,599.7
1000,2025-02-03,13,54,3,269.97,53.99,323.96
1001,2025-08-09,147,36,15,374.85,74.97,449.82
1002,2025-11-29,81,44,5,34.95,6.99,41.94
1003,2025-10-07,123,44,2,13.98,2.8,16.78
1004,2025-12-28,1,1,6,479.94,95.99,575.93
1005,2025-08-28,102,69,1,9.99,2.0,11.99
1006,2024-09-18,143,16,3,74.97,14.99,89.96
1007,2025-07-02,145,16,3,74.97,14.99,89.96
1008,2025-10-03,134,46,2,31.98,6.4,38.38
1009,2025-05-07,92,5,2,179.98,36.0,215.98
1010,2025-12-21,38,64,1,39.99,8.0,47.99
1011,2024-12-27,9,17,2,39.98,8.0,47.98
1012,2025-02-19,48,1,10,799.9,159.98,959.88
1013,2025-12-28,134,59,1,27.99,5.6,33.59
1014,2024-08-23,67,54,2,179.98,36.0,215.98
1015,2024-08-14,38,69,3,29.97,5.99,35.96
1016,2025-01-16,22,29,5,999.95,199.99,1199.94
1017,2024-09-15,62,3,1,34.99,7.0,41.99
1018,2024-07-25,72,32,1,179.99,36.0,215.99
1019,2025-06-14,114,10,10,149.9,29.98,179.88
1020,2024-10-06,108,1,6,479.94,95.99,575.93
1021,2024-09-05,69,55,3,104.97,20.99,125.96
1022,2024-08-27,65,53,1,79.99,16.0,95.99
1023,2024-07-11,78,13,2,199.98,40.0,239.98
1024,2024-07-27,33,1,3,239.97,47.99,287.96
1025,2025-01-15,93,36,3,74.97,14.99,89.96
1026,2025-10-06,40,66,20,239.8,47.96,287.76
1027,2025-05-15,20,19,1,549.99,110.0,659.99
1028,2024-07-09,20,54,5,449.95,89.99,539.94
1029,2024-08-25,33,26,4,359.96,71.99,431.95
1030,2025-10-31,80,43,15,179.85,35.97,215.82
1031,2025-06-09,31,1,2,159.98,32.0,191.98
1032,2025-02-14,44,35,5,274.95,54.99,329.94
1033,2025-10-01,5,71,1,19.99,4.0,23.99
1034,2025-01-16,84,1,1,79.99,16.0,95.99
1035,2025-02-10,72,32,1,179.99,36.0,215.99
1036,2025-03-26,124,3,2,69.98,14.0,83.98
1037,2025-10-11,64,68,8,279.92,55.98,335.9
1038,2025-09-18,10,17,10,199.9,39.98,239.88
1039,2025-07-23,68,32,4,719.96,143.99,863.95
1040,2025-01-10,10,1,3,239.97,47.99,287.96
1041,2024-11-07,118,27,3,839.97,167.99,1007.96
1042,2024-11-19,132,48,3,50.97,10.19,61.16
1043,2025-05-26,101,64,2,79.98,16.0,95.98
1044,2024-10-26,46,52,2,299.98,60.0,359.98
1045,2024-12-08,84,3,1,34.99,7.0,41.99
1046,2025-09-29,3,44,3,20.97,4.19,25.16
1047,2025-08-23,48,28,1,749.99,150.0,899.99
1048,2024-09-16,93,11,3,539.97,107.99,647.96
1049,2024-10-09,64,6,1,199.99,40.0,239.99
1050,2025-03-14,144,25,3,359.97,71.99,431.96
1051,2026-01-08,40,35,4,219.96,43.99,263.95
1052,2025-08-20,11,66,25,299.75,59.95,359.7
1053,2025-10-27,104,71,10,199.9,39.98,239.88
1054,2025-10-16,6,6,2,399.98,80.0,479.98
1055,2025-11-27,22,71,15,299.85,59.97,359.82
1056,2024-07-10,73,36,3,74.97,14.99,89.96
1057,2025-12-15,3,20,5,1499.95,299.99,1799.94
1058,2025-08-05,66,36,2,49.98,10.0,59.98
1059,2025-10-06,50,3,3,104.97,20.99,125.96
1060,2025-11-13,33,36,2,49.98,10.0,59.98
1061,2025-12-19,4,23,1,1299.99,260.0,1559.99
1062,2025-08-25,29,62,10,149.9,29.98,179.88
1063,2025-10-27,126,21,2,379.98,76.0,455.98
1064,2025-01-24,48,4,2,699.98,140.0,839.98
1065,2025-03-10,112,74,1,39.99,8.0,47.99
1066,2025-10-11,126,51,5,49.95,9.99,59.94
1067,2024-12-27,32,56,3,74.97,14.99,89.96
1068,2025-01-04,125,31,6,209.94,41.99,251.93
1069,2025-10-09,137,64,2,79.98,16.0,95.98
1070,2024-11-02,25,65,10,179.9,35.98,215.88
1071,2025-10-05,34,60,1,59.99,12.0,71.99
1072,2025-10-16,128,28,1,749.99,150.0,899.99
1073,2024-10-26,19,37,3,38.97,7.79,46.76
1074,2026-01-13,79,19,1,549.99,110.0,659.99
1075,2024-07-19,8,51,2,19.98,4.0,23.98
1076,2024-07-12,63,1,6,479.94,95.99,575.93
1077,2025-09-26,114,14,2,139.98,28.0,167.98
1078,2024-08-23,65,32,1,179.99,36.0,215.99
1079,2024-10-02,2,44,15,104.85,20.97,125.82
1080,2024-10-13,133,4,1,349.99,70.0,419.99
1081,2025-05-31,110,54,2,179.98,36.0,215.98
1082,2025-11-15,1,41,1,14.99,3.0,17.99
1083,2025-11-05,74,6,2,399.98,80.0,479.98
1084,2025-11-24,27,73,2,17.98,3.6,21.58
1085,2025-05-29,134,18,1,899.99,180.0,1079.99
1086,2025-05-22,15,55,6,209.94,41.99,251.93
1087,2025-12-06,45,2,1,54.99,11.0,65.99
1088,2024-11-05,128,32,2,359.98,72.0,431.98
1089,2025-07-19,65,1,1,79.99,16.0,95.99
1090,2025-09-28,38,1,3,239.97,47.99,287.96
1091,2025-04-22,127,6,1,199.99,40.0,239.99
1092,2025-03-12,45,49,3,59.97,11.99,71.96
1093,2024-12-02,33,4,4,1399.96,279.99,1679.95
1094,2024-12-25,44,3,2,69.98,14.0,83.98
1095,2024-12-16,46,32,1,179.99,36.0,215.99
1096,2025-12-01,64,28,1,749.99,150.0,899.99
1097,2025-09-17,111,36,3,74.97,14.99,89.96
1098,2025-05-04,127,36,3,74.97,14.99,89.96
1099,2025-07-20,72,37,2,25.98,5.2,31.18
1100,2024-12-04,74,54,8,719.92,143.98,863.9
1101,2025-07-18,98,1,10,799.9,159.98,959.88
1102,2024-12-14,68,45,3,119.97,23.99,143.96
1103,2025-07-13,78,32,2,359.98,72.0,431.98
1104,2025-07-06,135,19,1,549.99,110.0,659.99
1105,2024-11-28,99,21,1,189.99,38.0,227.99
1106,2025-07-29,16,25,4,479.96,95.99,575.95
1107,2025-11-08,105,49,5,99.95,19.99,119.94
1108,2024-12-13,73,35,4,219.96,43.99,263.95
1109,2025-08-12,31,1,1,79.99,16.0,95.99
1110,2025-09-01,137,23,1,1299.99,260.0,1559.99
1111,2025-01-19,18,28,1,749.99,150.0,899.99
1112,2025-01-04,67,14,5,349.95,69.99,419.94
1113,2025-10-16,62,6,2,399.98,80.0,479.98
1114,2024-10-12,38,1,3,239.97,47.99,287.96
1115,2024-12-06,75,35,6,329.94,65.99,395.93
1116,2025-06-11,124,41,10,149.9,29.98,179.88
1117,2025-08-13,63,13,1,99.99,20.0,119.99
1118,2025-08-16,29,3,5,174.95,34.99,209.94
1119,2025-03-12,133,66,3,35.97,7.19,43.16
1120,2025-11-16,148,37,2,25.98,5.2,31.18
1121,2024-09-22,111,13,4,399.96,79.99,479.95
1122,2025-01-16,117,65,1,17.99,3.6,21.59
1123,2024-09-28,106,60,1,59.99,12.0,71.99
1124,2024-10-27,105,6,1,199.99,40.0,239.99
1125,2024-12-31,61,36,2,49.98,10.0,59.98
1126,2025-10-31,143,4,4,1399.96,279.99,1679.95
1127,2025-11-16,125,6,4,799.96,159.99,959.95
1128,2024-09-05,126,49,5,99.95,19.99,119.94
1129,2025-09-21,8,3,1,34.99,7.0,41.99
1130,2025-01-09,64,35,8,439.92,87.98,527.9
1131,2024-07-02,43,55,2,69.98,14.0,83.98
1132,2024-11-07,109,14,2,139.98,28.0,167.98
1133,2025-10-15,39,64,3,119.97,23.99,143.96
1134,2025-12-25,145,35,2,109.98,22.0,131.98
1135,2024-11-04,126,28,1,749.99,150.0,899.99
1136,2025-11-12,126,6,3,599.97,119.99,719.96
1137,2024-12-31,147,28,2,1499.98,300.0,1799.98
1138,2025-06-11,73,51,1,9.99,2.0,11.99
1139,2025-04-16,96,28,1,749.99,150.0,899.99
1140,2024-08-25,80,74,1,39.99,8.0,47.99
1141,2025-04-25,128,1,2,159.98,32.0,191.98
1142,2024-10-13,20,70,5,124.95,24.99,149.94
1143,2024-11-30,4,54,3,269.97,53.99,323.96
1144,2024-11-30,76,3,1,34.99,7.0,41.99
1145,2024-12-24,75,12,3,449.97,89.99,539.96
1146,2025-12-23,1,3,1,34.99,7.0,41.99
1147,2025-12-04,98,74,2,79.98,16.0,95.98
1148,2024-10-05,42,70,2,49.98,10.0,59.98
1149,2025-12-08,125,54,5,449.95,89.99,539.94
1150,2025-12-25,104,69,10,99.9,19.98,119.88
1151,2024-11-05,44,16,2,49.98,10.0,59.98
1152,2025-11-27,28,55,1,34.99,7.0,41.99
1153,2025-03-20,8,47,25,574.75,114.95,689.7
1154,2024-10-06,114,38,5,44.95,8.99,53.94
1155,2025-11-15,104,46,5,79.95,15.99,95.94
1156,2024-10-10,13,6,1,199.99,40.0,239.99
1157,2025-02-06,44,36,1,24.99,5.0,29.99
1158,2024-09-15,122,52,2,299.98,60.0,359.98
1159,2025-09-09,34,19,2,1099.98,220.0,1319.98
1160,2025-01-14,132,21,2,379.98,76.0,455.98
1161,2025-09-18,56,3,3,104.97,20.99,125.96
1162,2025-12-21,62,19,2,1099.98,220.0,1319.98
1163,2024-10-29,7,16,2,49.98,10.0,59.98
1164,2025-05-10,27,74,5,199.95,39.99,239.94
1165,2024-10-10,51,36,2,49.98,10.0,59.98
1166,2025-12-27,76,17,2,39.98,8.0,47.98
1167,2024-12-07,20,52,1,149.99,30.0,179.99
1168,2025-07-15,99,59,2,55.98,11.2,67.18
1169,2025-10-23,48,67,8,399.92,79.98,479.9
1170,2025-02-20,60,41,15,224.85,44.97,269.82
1171,2024-09-17,51,11,3,539.97,107.99,647.96
1172,2025-11-17,21,55,3,104.97,20.99,125.96
1173,2024-11-17,103,69,5,49.95,9.99,59.94
1174,2025-01-11,136,69,10,99.9,19.98,119.88
1175,2025-12-23,13,22,2,319.98,64.0,383.98
1176,2025-12-19,52,4,2,699.98,140.0,839.98
1177,2025-09-06,8,6,3,599.97,119.99,719.96
1178,2024-10-29,91,6,1,199.99,40.0,239.99
1179,2025-11-09,142,5,6,539.94,107.99,647.93
1180,2025-11-12,1,43,2,23.98,4.8,28.78
1181,2025-06-24,63,36,3,74.97,14.99,89.96
1182,2025-12-09,87,37,1,12.99,2.6,15.59
1183,2025-11-20,64,24,2,499.98,100.0,599.98
1184,2025-09-23,9,70,1,24.99,5.0,29.99
1185,2025-11-06,66,43,20,239.8,47.96,287.76
1186,2025-01-20,58,37,5,64.95,12.99,77.94
1187,2024-11-08,129,52,2,299.98,60.0,359.98
1188,2025-10-14,19,54,1,89.99,18.0,107.99
1189,2024-08-23,99,56,3,74.97,14.99,89.96
1190,2024-09-23,10,24,1,249.99,50.0,299.99
1191,2025-03-27,68,3,4,139.96,27.99,167.95
1192,2025-12-15,20,4,2,699.98,140.0,839.98
1193,2025-01-13,100,1,2,159.98,32.0,191.98
1194,2025-11-24,103,7,1,129.99,26.0,155.99
1195,2025-04-14,46,1,1,79.99,16.0,95.99
1196,2025-11-30,99,4,1,349.99,70.0,419.99
1197,2025-06-08,1,17,2,39.98,8.0,47.98
1198,2025-07-06,109,52,1,149.99,30.0,179.99
1199,2024-10-17,128,6,2,399.98,80.0,479.98
1200,2025-11-27,25,44,2,13.98,2.8,16.78
1201,2025-01-23,9,54,4,359.96,71.99,431.95
1202,2025-06-21,126,36,1,24.99,5.0,29.99
1203,2025-11-28,41,17,2,39.98,8.0,47.98
1204,2024-09-01,138,64,3,119.97,23.99,143.96
1205,2024-12-05,130,71,2,39.98,8.0,47.98
1206,2024-12-11,108,66,3,35.97,7.19,43.16
1207,2025-12-20,35,19,1,549.99,110.0,659.99
1208,2024-08-16,121,19,2,1099.98,220.0,1319.98
1209,2024-08-22,34,1,3,239.97,47.99,287.96
1210,2025-07-13,116,4,2,699.98,140.0,839.98
1211,2025-05-29,11,29,3,599.97,119.99,719.96
1212,2025-03-20,140,75,1,44.99,9.0,53.99
1213,2025-07-27,121,71,2,39.98,8.0,47.98
1214,2025-12-14,139,70,2,49.98,10.0,59.98
1215,2025-12-01,32,23,1,1299.99,260.0,1559.99
1216,2025-01-01,31,51,5,49.95,9.99,59.94
1217,2024-11-24,36,52,1,149.99,30.0,179.99
1218,2024-07-13,2,1,4,319.96,63.99,383.95
1219,2024-10-11,121,2,8,439.92,87.98,527.9
1220,2025-06-12,9,73,15,134.85,26.97,161.82
1221,2025-05-11,4,35,3,164.97,32.99,197.96
1222,2024-11-07,67,6,1,199.99,40.0,239.99
1223,2024-11-28,39,36,5,124.95,24.99,149.94
1224,2024-10-24,18,19,1,549.99,110.0,659.99
1225,2024-10-30,6,20,1,299.99,60.0,359.99
1226,2025-01-02,123,37,2,25.98,5.2,31.18
1227,2025-11-24,47,10,10,149.9,29.98,179.88
1228,2024-11-30,20,36,3,74.97,14.99,89.96
1229,2025-11-02,28,36,1,24.99,5.0,29.99
1230,2024-11-08,65,70,3,74.97,14.99,89.96
1231,2025-08-28,19,32,1,179.99,36.0,215.99
1232,2026-01-03,45,71,10,199.9,39.98,239.88
1233,2025-02-10,1,1,2,159.98,32.0,191.98
1234,2024-11-14,24,47,15,344.85,68.97,413.82
1235,2024-11-20,10,71,25,499.75,99.95,599.7
1236,2025-10-29,9,4,1,349.99,70.0,419.99
1237,2025-09-08,133,62,15,224.85,44.97,269.82
1238,2024-10-19,5,36,1,24.99,5.0,29.99
1239,2024-11-21,135,61,3,68.97,13.79,82.76
1240,2024-10-20,122,4,2,699.98,140.0,839.98
1241,2025-09-07,116,34,4,1599.96,319.99,1919.95
1242,2025-02-18,6,17,10,199.9,39.98,239.88
1243,2024-10-24,116,10,10,149.9,29.98,179.88
1244,2025-05-17,65,35,3,164.97,32.99,197.96
1245,2024-10-20,64,43,1,11.99,2.4,14.39
1246,2025-10-28,139,25,2,239.98,48.0,287.98
1247,2024-10-11,117,37,1,12.99,2.6,15.59
1248,2025-11-15,76,41,10,149.9,29.98,179.88
1249,2024-11-10,17,54,1,89.99,18.0,107.99
1250,2024-12-01,65,5,2,179.98,36.0,215.98
1251,2025-10-18,121,6,4,799.96,159.99,959.95
1252,2024-11-22,41,65,3,53.97,10.79,64.76
1253,2025-12-18,82,17,2,39.98,8.0,47.98
1254,2025-12-31,75,55,3,104.97,20.99,125.96
1255,2025-11-22,1,19,1,549.99,110.0,659.99
1256,2024-09-28,41,21,1,189.99,38.0,227.99
1257,2025-10-23,80,37,25,324.75,64.95,389.7
1258,2025-09-26,8,63,1,29.99,6.0,35.99
1259,2025-08-15,134,35,3,164.97,32.99,197.96
1260,2025-05-18,103,6,2,399.98,80.0,479.98
1261,2025-03-08,20,38,3,26.97,5.39,32.36
1262,2024-11-29,73,69,20,199.8,39.96,239.76
1263,2024-10-14,86,26,2,179.98,36.0,215.98
1264,2025-06-16,135,15,2,99.98,20.0,119.98
1265,2024-12-07,30,41,5,74.95,14.99,89.94
1266,2025-11-16,101,6,4,799.96,159.99,959.95
1267,2025-12-21,10,36,1,24.99,5.0,29.99
1268,2025-10-06,114,19,1,549.99,110.0,659.99
1269,2025-09-12,41,36,3,74.97,14.99,89.96
1270,2024-12-12,88,71,3,59.97,11.99,71.96
1271,2025-12-25,20,35,1,54.99,11.0,65.99
1272,2024-11-29,71,36,2,49.98,10.0,59.98
1273,2025-10-05,29,75,1,44.99,9.0,53.99
1274,2025-01-09,41,28,1,749.99,150.0,899.99
1275,2024-07-15,40,65,10,179.9,35.98,215.88
1276,2025-11-24,80,46,3,47.97,9.59,57.56
1277,2025-12-18,82,4,2,699.98,140.0,839.98
1278,2024-12-14,75,36,5,124.95,24.99,149.94
1279,2024-10-10,27,1,3,239.97,47.99,287.96
1280,2025-11-21,110,13,3,299.97,59.99,359.96
1281,2024-08-03,54,37,5,64.95,12.99,77.94
1282,2025-10-24,83,60,2,119.98,24.0,143.98
1283,2025-11-17,103,19,1,549.99,110.0,659.99
1284,2025-08-29,67,1,1,79.99,16.0,95.99
1285,2025-12-14,119,4,5,1749.95,349.99,2099.94
1286,2025-03-05,100,7,3,389.97,77.99,467.96
1287,2024-11-09,85,23,1,1299.99,260.0,1559.99
1288,2024-12-10,7,17,3,59.97,11.99,71.96
1289,2025-08-06,47,21,4,759.96,151.99,911.95
1290,2024-10-04,1,20,1,299.99,60.0,359.99
1291,2024-09-19,127,37,5,64.95,12.99,77.94
1292,2025-10-29,95,49,10,199.9,39.98,239.88
1293,2025-10-19,131,14,1,69.99,14.0,83.99
1294,2024-11-03,39,4,1,349.99,70.0,419.99
1295,2025-07-06,7,3,2,69.98,14.0,83.98
1296,2024-11-23,61,58,10,199.9,39.98,239.88
1297,2024-07-11,131,5,1,89.99,18.0,107.99
1298,2025-06-21,105,54,4,359.96,71.99,431.95
1299,2025-01-14,104,20,1,299.99,60.0,359.99
1300,2025-10-18,127,17,2,39.98,8.0,47.98
1301,2024-10-03,96,60,4,239.96,47.99,287.95
1302,2025-12-07,53,6,2,399.98,80.0,479.98
1303,2025-04-14,130,22,3,479.97,95.99,575.96
1304,2025-11-12,69,35,5,274.95,54.99,329.94
1305,2025-07-28,74,9,3,89.97,17.99,107.96
1306,2025-12-06,67,54,2,179.98,36.0,215.98
1307,2025-01-01,32,23,1,1299.99,260.0,1559.99
1308,2024-11-26,18,1,4,319.96,63.99,383.95
1309,2025-05-26,75,6,2,399.98,80.0,479.98
1310,2025-04-11,143,36,5,124.95,24.99,149.94
1311,2025-10-07,112,19,1,549.99,110.0,659.99
1312,2024-12-23,108,71,1,19.99,4.0,23.99
1313,2024-07-05,66,54,6,539.94,107.99,647.93
1314,2024-10-13,87,36,2,49.98,10.0,59.98
1315,2024-09-20,100,19,1,549.99,110.0,659.99
1316,2024-11-02,120,6,1,199.99,40.0,239.99
1317,2024-10-16,145,29,1,199.99,40.0,239.99
1318,2025-07-13,11,7,1,129.99,26.0,155.99
1319,2024-10-22,40,35,3,164.97,32.99,197.96
1320,2025-10-22,118,17,2,39.98,8.0,47.98
1321,2025-08-28,104,74,2,79.98,16.0,95.98
1322,2025-04-14,45,19,1,549.99,110.0,659.99
1323,2025-03-06,44,10,25,374.75,74.95,449.7
1324,2024-07-14,75,3,2,69.98,14.0,83.98
1325,2025-12-23,71,40,10,189.9,37.98,227.88
1326,2025-11-29,9,35,2,109.98,22.0,131.98
1327,2025-12-08,66,19,1,549.99,110.0,659.99
1328,2024-10-13,7,31,1,34.99,7.0,41.99
1329,2025-12-24,73,54,1,89.99,18.0,107.99
1330,2024-12-02,68,7,2,259.98,52.0,311.98
1331,2024-08-20,78,6,2,399.98,80.0,479.98
1332,2025-12-25,104,7,2,259.98,52.0,311.98
1333,2025-10-05,46,3,2,69.98,14.0,83.98
1334,2025-08-19,127,35,2,109.98,22.0,131.98
1335,2025-01-25,99,1,1,79.99,16.0,95.99
1336,2025-11-01,135,35,3,164.97,32.99,197.96
1337,2025-06-06,1,55,2,69.98,14.0,83.98
1338,2025-03-28,129,46,25,399.75,79.95,479.7
1339,2025-11-13,111,1,3,239.97,47.99,287.96
1340,2025-02-19,10,13,2,199.98,40.0,239.98
1341,2025-10-07,73,33,2,899.98,180.0,1079.98
1342,2025-10-13,63,35,6,329.94,65.99,395.93
1343,2025-11-08,124,3,1,34.99,7.0,41.99
1344,2025-02-11,92,55,4,139.96,27.99,167.95
1345,2025-10-12,65,36,15,374.85,74.97,449.82
1346,2025-10-04,114,35,6,329.94,65.99,395.93
1347,2025-09-01,33,54,4,359.96,71.99,431.95
1348,2024-11-03,70,45,2,79.98,16.0,95.98
1349,2025-11-23,30,20,2,599.98,120.0,719.98
1350,2024-12-14,39,19,1,549.99,110.0,659.99
1351,2025-04-16,92,36,3,74.97,14.99,89.96
1352,2024-11-14,113,72,2,59.98,12.0,71.98
1353,2025-10-26,6,1,2,159.98,32.0,191.98
1354,2025-07-31,27,39,5,149.95,29.99,179.94
1355,2025-09-20,98,6,1,199.99,40.0,239.99
1356,2025-01-21,97,60,3,179.97,35.99,215.96
1357,2025-12-07,61,46,3,47.97,9.59,57.56
1358,2025-09-04,106,36,1,24.99,5.0,29.99
1359,2025-05-06,74,54,6,539.94,107.99,647.93
1360,2024-08-24,66,60,5,299.95,59.99,359.94
1361,2025-10-15,26,3,2,69.98,14.0,83.98
1362,2025-04-24,14,55,3,104.97,20.99,125.96
1363,2024-08-24,106,64,1,39.99,8.0,47.99
1364,2024-12-06,40,1,5,399.95,79.99,479.94
1365,2025-10-01,8,32,1,179.99,36.0,215.99
1366,2025-11-30,4,39,3,89.97,17.99,107.96
1367,2025-02-26,110,16,3,74.97,14.99,89.96
1368,2025-12-24,93,70,2,49.98,10.0,59.98
1369,2025-04-23,112,52,1,149.99,30.0,179.99
1370,2024-10-18,78,19,1,549.99,110.0,659.99
1371,2024-07-12,122,57,1,12.99,2.6,15.59
1372,2024-11-20,137,2,10,549.9,109.98,659.88
1373,2025-11-28,126,66,1,11.99,2.4,14.39
1374,2025-06-26,80,18,1,899.99,180.0,1079.99
1375,2025-05-07,122,61,5,114.95,22.99,137.94
1376,2025-12-02,104,35,3,164.97,32.99,197.96
1377,2025-10-04,51,3,2,69.98,14.0,83.98
1378,2025-05-28,147,14,6,419.94,83.99,503.93
1379,2025-07-29,5,19,1,549.99,110.0,659.99
1380,2024-09-13,121,23,1,1299.99,260.0,1559.99
1381,2025-12-21,43,37,3,38.97,7.79,46.76
1382,2025-01-23,94,25,1,119.99,24.0,143.99
1383,2024-10-07,9,47,10,229.9,45.98,275.88
1384,2024-09-12,137,64,1,39.99,8.0,47.99
1385,2025-10-29,73,72,15,449.85,89.97,539.82
1386,2025-09-23,5,17,10,199.9,39.98,239.88
1387,2024-10-29,14,43,1,11.99,2.4,14.39
1388,2025-04-23,126,28,2,1499.98,300.0,1799.98
1389,2025-03-05,113,55,1,34.99,7.0,41.99
1390,2024-10-22,47,5,2,179.98,36.0,215.98
1391,2025-06-08,34,43,20,239.8,47.96,287.76
1392,2024-10-10,117,5,2,179.98,36.0,215.98
1393,2025-08-31,16,62,20,299.8,59.96,359.76
1394,2024-12-03,132,70,2,49.98,10.0,59.98
1395,2025-10-08,33,49,5,99.95,19.99,119.94
1396,2025-11-06,130,28,1,749.99,150.0,899.99
1397,2024-11-19,8,48,3,50.97,10.19,61.16
1398,2024-10-12,45,69,5,49.95,9.99,59.94
1399,2024-07-16,4,4,2,699.98,140.0,839.98
1400,2025-05-18,46,17,5,99.95,19.99,119.94
1401,2024-11-03,15,54,1,89.99,18.0,107.99
1402,2025-07-01,89,47,10,229.9,45.98,275.88
1403,2025-03-08,125,14,1,69.99,14.0,83.99
1404,2025-11-10,34,67,1,49.99,10.0,59.99
1405,2025-10-19,36,59,20,559.8,111.96,671.76
1406,2024-12-15,6,55,2,69.98,14.0,83.98
1407,2025-07-27,34,70,3,74.97,14.99,89.96
1408,2024-08-02,2,44,20,139.8,27.96,167.76
1409,2025-02-07,100,55,4,139.96,27.99,167.95
1410,2024-08-28,137,37,15,194.85,38.97,233.82
1411,2025-10-18,127,67,2,99.98,20.0,119.98
1412,2025-10-22,46,1,2,159.98,32.0,191.98
1413,2025-11-01,49,36,1,24.99,5.0,29.99
1414,2025-04-02,140,16,2,49.98,10.0,59.98
1415,2025-03-28,2,60,1,59.99,12.0,71.99
1416,2025-02-09,16,55,3,104.97,20.99,125.96
1417,2025-11-05,92,4,1,349.99,70.0,419.99
1418,2024-12-23,124,57,5,64.95,12.99,77.94
1419,2025-12-31,57,35,3,164.97,32.99,197.96
1420,2025-02-26,69,3,1,34.99,7.0,41.99
1421,2025-07-16,15,37,1,12.99,2.6,15.59
1422,2025-07-04,122,52,2,299.98,60.0,359.98
1423,2024-10-20,22,6,3,599.97,119.99,719.96
1424,2025-12-03,136,6,1,199.99,40.0,239.99
1425,2024-12-01,122,3,8,279.92,55.98,335.9
1426,2025-11-28,141,54,3,269.97,53.99,323.96
1427,2025-12-23,109,68,3,104.97,20.99,125.96
1428,2025-01-16,36,35,1,54.99,11.0,65.99
1429,2024-10-27,79,53,2,159.98,32.0,191.98
1430,2025-11-30,64,30,2,89.98,18.0,107.98
1431,2024-11-06,56,53,3,239.97,47.99,287.96
1432,2025-03-24,8,36,3,74.97,14.99,89.96
1433,2025-11-19,140,4,4,1399.96,279.99,1679.95
1434,2024-11-01,129,61,10,229.9,45.98,275.88
1435,2024-08-04,31,17,3,59.97,11.99,71.96
1436,2025-08-02,66,31,4,139.96,27.99,167.95
1437,2025-06-10,137,35,8,439.92,87.98,527.9
1438,2025-10-04,78,37,10,129.9,25.98,155.88
1439,2025-12-04,1,48,5,84.95,16.99,101.94
1440,2025-05-25,108,3,1,34.99,7.0,41.99
1441,2024-08-19,118,55,2,69.98,14.0,83.98
1442,2024-12-30,23,27,2,559.98,112.0,671.98
1443,2025-11-06,39,37,2,25.98,5.2,31.18
1444,2025-03-23,45,19,1,549.99,110.0,659.99
1445,2025-12-03,12,6,5,999.95,199.99,1199.94
1446,2025-10-04,39,74,2,79.98,16.0,95.98
1447,2024-11-07,59,16,3,74.97,14.99,89.96
1448,2025-10-18,147,46,10,159.9,31.98,191.88
1449,2025-02-13,93,37,5,64.95,12.99,77.94
1450,2024-09-14,3,67,2,99.98,20.0,119.98
1451,2024-08-06,46,36,15,374.85,74.97,449.82
1452,2025-10-20,42,37,1,12.99,2.6,15.59
1453,2024-09-29,148,36,1,24.99,5.0,29.99
1454,2025-01-30,125,36,5,124.95,24.99,149.94
1455,2025-06-23,42,30,5,224.95,44.99,269.94
1456,2025-11-14,76,70,3,74.97,14.99,89.96
1457,2024-10-24,149,54,8,719.92,143.98,863.9
1458,2025-11-29,143,36,10,249.9,49.98,299.88
1459,2025-11-08,112,31,1,34.99,7.0,41.99
1460,2025-02-06,14,42,2,65.98,13.2,79.18
1461,2025-08-05,37,35,2,109.98,22.0,131.98
1462,2024-08-16,97,69,2,19.98,4.0,23.98
1463,2025-12-09,127,36,1,24.99,5.0,29.99
1464,2025-06-27,132,6,1,199.99,40.0,239.99
1465,2024-12-08,86,30,2,89.98,18.0,107.98
1466,2025-07-18,127,1,1,79.99,16.0,95.99
1467,2025-12-22,66,6,1,199.99,40.0,239.99
1468,2025-02-21,13,3,5,174.95,34.99,209.94
1469,2025-11-04,25,36,1,24.99,5.0,29.99
1470,2026-01-06,128,51,2,19.98,4.0,23.98
1471,2025-05-16,128,19,1,549.99,110.0,659.99
1472,2025-10-26,68,36,5,124.95,24.99,149.94
1473,2025-12-29,75,37,10,129.9,25.98,155.88
1474,2026-01-11,107,51,10,99.9,19.98,119.88
1475,2025-11-01,132,4,3,1049.97,209.99,1259.96
1476,2024-10-06,44,63,5,149.95,29.99,179.94
1477,2025-08-17,137,30,1,44.99,9.0,53.99
1478,2025-08-26,10,55,3,104.97,20.99,125.96
1479,2025-04-01,102,41,20,299.8,59.96,359.76
1480,2025-10-16,103,11,4,719.96,143.99,863.95
1481,2024-09-18,41,16,2,49.98,10.0,59.98
1482,2024-10-25,68,68,2,69.98,14.0,83.98
1483,2026-01-12,8,38,10,89.9,17.98,107.88
1484,2025-04-04,74,22,1,159.99,32.0,191.99
1485,2025-01-26,84,33,2,899.98,180.0,1079.98
1486,2025-06-04,19,37,1,12.99,2.6,15.59
1487,2024-12-01,11,6,1,199.99,40.0,239.99
1488,2025-10-13,4,21,1,189.99,38.0,227.99
1489,2025-02-17,33,36,5,124.95,24.99,149.94
1490,2025-08-17,132,10,5,74.95,14.99,89.94
1491,2025-11-03,19,50,2,15.98,3.2,19.18
1492,2025-04-10,110,61,2,45.98,9.2,55.18
1493,2025-02-23,100,4,2,699.98,140.0,839.98
1494,2024-09-18,93,55,3,104.97,20.99,125.96
1495,2025-11-25,46,49,10,199.9,39.98,239.88
1496,2025-06-29,104,55,5,174.95,34.99,209.94
1497,2025-04-11,116,33,2,899.98,180.0,1079.98
1498,2025-09-19,64,45,4,159.96,31.99,191.95
1499,2025-01-12,128,26,2,179.98,36.0,215.98
1500,2024-07-06,64,65,20,359.8,71.96,431.76
1501,2024-08-04,76,19,1,549.99,110.0,659.99
1502,2024-08-01,119,63,2,59.98,12.0,71.98
1503,2026-01-10,2,20,3,899.97,179.99,1079.96
1504,2024-11-12,8,1,2,159.98,32.0,191.98
1505,2025-04-11,100,43,15,179.85,35.97,215.82
1506,2025-05-21,98,47,3,68.97,13.79,82.76
1507,2025-08-17,14,54,1,89.99,18.0,107.99
1508,2024-12-24,38,65,3,53.97,10.79,64.76
1509,2024-07-04,18,55,5,174.95,34.99,209.94
1510,2025-10-18,6,3,1,34.99,7.0,41.99
1511,2024-07-21,44,59,1,27.99,5.6,33.59
1512,2025-03-10,43,17,2,39.98,8.0,47.98
1513,2025-10-18,77,6,1,199.99,40.0,239.99
1514,2025-11-26,92,52,1,149.99,30.0,179.99
1515,2025-10-04,144,5,8,719.92,143.98,863.9
1516,2024-12-07,44,56,2,49.98,10.0,59.98
1517,2025-12-29,116,35,1,54.99,11.0,65.99
1518,2025-11-03,8,24,2,499.98,100.0,599.98
1519,2025-05-27,98,42,4,131.96,26.39,158.35
1520,2024-11-30,122,24,4,999.96,199.99,1199.95
1521,2025-10-22,139,55,2,69.98,14.0,83.98
1522,2025-09-19,46,35,3,164.97,32.99,197.96
1523,2025-08-15,55,65,1,17.99,3.6,21.59
1524,2025-04-02,2,4,4,1399.96,279.99,1679.95
1525,2025-12-19,97,17,5,99.95,19.99,119.94
1526,2024-08-25,130,35,2,109.98,22.0,131.98
1527,2024-07-01,32,3,1,34.99,7.0,41.99
1528,2025-11-01,96,48,1,16.99,3.4,20.39
1529,2024-10-11,134,28,2,1499.98,300.0,1799.98
1530,2025-10-18,139,50,1,7.99,1.6,9.59
1531,2024-11-14,61,55,3,104.97,20.99,125.96
1532,2025-06-21,108,55,1,34.99,7.0,41.99
1533,2025-07-06,120,51,20,199.8,39.96,239.76
1534,2024-11-19,13,36,1,24.99,5.0,29.99
1535,2025-01-01,65,62,1,14.99,3.0,17.99
1536,2025-11-20,17,11,1,179.99,36.0,215.99
1537,2025-08-19,61,54,2,179.98,36.0,215.98
1538,2025-11-10,133,7,1,129.99,26.0,155.99
1539,2024-10-27,79,61,10,229.9,45.98,275.88
1540,2025-10-23,115,11,1,179.99,36.0,215.99
1541,2025-12-18,80,60,2,119.98,24.0,143.98
1542,2025-11-14,14,48,2,33.98,6.8,40.78
1543,2025-04-30,38,35,2,109.98,22.0,131.98
1544,2025-05-01,73,69,10,99.9,19.98,119.88
1545,2024-09-25,10,56,15,374.85,74.97,449.82
1546,2025-10-13,46,68,3,104.97,20.99,125.96
1547,2025-05-31,127,13,2,199.98,40.0,239.98
1548,2024-09-19,50,3,1,34.99,7.0,41.99
1549,2024-09-20,8,74,2,79.98,16.0,95.98
1550,2025-12-09,46,7,1,129.99,26.0,155.99
1551,2025-12-28,48,6,2,399.98,80.0,479.98
1552,2025-11-22,67,36,2,49.98,10.0,59.98
1553,2025-10-29,61,55,2,69.98,14.0,83.98
1554,2025-10-15,131,70,3,74.97,14.99,89.96
1555,2024-07-13,69,37,2,25.98,5.2,31.18
1556,2025-10-05,107,63,5,149.95,29.99,179.94
1557,2025-01-29,50,35,2,109.98,22.0,131.98
1558,2024-12-07,41,73,3,26.97,5.39,32.36
1559,2024-07-24,128,31,2,69.98,14.0,83.98
1560,2025-07-23,27,28,2,1499.98,300.0,1799.98
1561,2024-12-30,150,52,2,299.98,60.0,359.98
1562,2025-02-08,71,14,3,209.97,41.99,251.96
1563,2025-05-22,45,64,4,159.96,31.99,191.95
1564,2025-10-04,32,1,3,239.97,47.99,287.96
1565,2025-10-19,134,50,5,39.95,7.99,47.94
1566,2025-09-02,110,55,3,104.97,20.99,125.96
1567,2025-08-23,36,37,5,64.95,12.99,77.94
1568,2024-07-24,142,71,15,299.85,59.97,359.82
1569,2024-12-13,137,23,1,1299.99,260.0,1559.99
1570,2025-01-21,2,37,3,38.97,7.79,46.76
1571,2025-09-28,80,15,5,249.95,49.99,299.94
1572,2024-12-11,127,1,4,319.96,63.99,383.95
1573,2025-08-21,85,36,20,499.8,99.96,599.76
1574,2025-12-17,105,57,3,38.97,7.79,46.76
1575,2025-04-26,147,47,3,68.97,13.79,82.76
1576,2025-09-24,10,75,4,179.96,35.99,215.95
1577,2024-12-21,123,6,3,599.97,119.99,719.96
1578,2024-10-08,125,37,10,129.9,25.98,155.88
1579,2025-11-26,69,73,2,17.98,3.6,21.58
1580,2024-11-21,39,35,3,164.97,32.99,197.96
1581,2025-05-11,121,37,5,64.95,12.99,77.94
1582,2024-11-09,39,33,2,899.98,180.0,1079.98
1583,2025-02-02,1,54,4,359.96,71.99,431.95
1584,2025-08-20,83,65,2,35.98,7.2,43.18
1585,2025-11-09,104,62,15,224.85,44.97,269.82
1586,2024-09-05,35,55,4,139.96,27.99,167.95
1587,2025-01-18,131,68,6,209.94,41.99,251.93
1588,2025-07-08,7,65,1,17.99,3.6,21.59
1589,2025-12-30,115,8,2,499.98,100.0,599.98
1590,2025-10-24,132,30,3,134.97,26.99,161.96
1591,2024-08-11,38,6,3,599.97,119.99,719.96
1592,2024-11-13,14,6,2,399.98,80.0,479.98
1593,2025-10-19,4,3,1,34.99,7.0,41.99
1594,2024-09-24,98,37,2,25.98,5.2,31.18
1595,2025-09-14,69,25,2,239.98,48.0,287.98
1596,2025-10-11,57,35,2,109.98,22.0,131.98
1597,2025-12-02,49,39,2,59.98,12.0,71.98
1598,2025-12-11,131,24,2,499.98,100.0,599.98
1599,2025-12-04,41,36,5,124.95,24.99,149.94
1600,2025-09-27,42,3,4,139.96,27.99,167.95
1601,2025-11-26,130,14,3,209.97,41.99,251.96
1602,2025-02-01,31,36,10,249.9,49.98,299.88
1603,2024-12-08,94,54,4,359.96,71.99,431.95
1604,2025-03-27,60,52,1,149.99,30.0,179.99
1605,2025-05-19,66,1,4,319.96,63.99,383.95
1606,2025-08-23,90,3,5,174.95,34.99,209.94
1607,2025-11-17,68,42,3,98.97,19.79,118.76
1608,2025-02-06,38,6,1,199.99,40.0,239.99
1609,2025-10-25,23,50,5,39.95,7.99,47.94
1610,2025-11-11,99,8,1,249.99,50.0,299.99
1611,2025-04-09,39,4,4,1399.96,279.99,1679.95
1612,2025-08-28,118,6,2,399.98,80.0,479.98
1613,2025-06-01,47,38,5,44.95,8.99,53.94
1614,2024-09-08,138,35,6,329.94,65.99,395.93
1615,2025-11-29,64,19,1,549.99,110.0,659.99
1616,2024-12-22,66,7,3,389.97,77.99,467.96
1617,2025-12-07,97,5,8,719.92,143.98,863.9
1618,2025-05-31,107,3,4,139.96,27.99,167.95
1619,2024-10-24,103,12,2,299.98,60.0,359.98
1620,2025-01-12,78,60,2,119.98,24.0,143.98
1621,2024-12-03,15,55,2,69.98,14.0,83.98
1622,2025-09-16,39,36,1,24.99,5.0,29.99
1623,2025-10-29,140,37,5,64.95,12.99,77.94
1624,2025-06-29,107,4,1,349.99,70.0,419.99
1625,2024-07-27,23,70,2,49.98,10.0,59.98
1626,2025-05-19,43,36,25,624.75,124.95,749.7
1627,2025-02-08,69,36,1,24.99,5.0,29.99
1628,2025-01-30,66,36,5,124.95,24.99,149.94
1629,2024-12-27,108,16,2,49.98,10.0,59.98
1630,2025-11-13,73,41,3,44.97,8.99,53.96
1631,2024-10-01,74,66,1,11.99,2.4,14.39
1632,2024-07-08,7,52,3,449.97,89.99,539.96
1633,2025-12-29,122,61,1,22.99,4.6,27.59
1634,2025-11-01,1,4,1,349.99,70.0,419.99
1635,2024-10-27,143,55,2,69.98,14.0,83.98
1636,2024-12-24,94,24,1,249.99,50.0,299.99
1637,2024-12-14,34,35,6,329.94,65.99,395.93
1638,2025-10-04,91,4,4,1399.96,279.99,1679.95
1639,2025-07-22,41,1,2,159.98,32.0,191.98
1640,2025-09-03,91,54,5,449.95,89.99,539.94
1641,2024-11-15,141,37,3,38.97,7.79,46.76
1642,2024-11-09,95,71,5,99.95,19.99,119.94
1643,2025-11-17,107,6,2,399.98,80.0,479.98
1644,2024-11-24,6,52,1,149.99,30.0,179.99
1645,2025-10-24,50,37,5,64.95,12.99,77.94
1646,2025-03-31,68,28,1,749.99,150.0,899.99
1647,2024-08-05,131,6,5,999.95,199.99,1199.94
1648,2024-08-04,66,55,2,69.98,14.0,83.98
1649,2025-01-09,117,28,1,749.99,150.0,899.99
1650,2025-11-05,103,44,25,174.75,34.95,209.7
1651,2025-06-15,106,13,3,299.97,59.99,359.96
1652,2025-12-14,64,4,5,1749.95,349.99,2099.94
1653,2025-02-18,28,38,1,8.99,1.8,10.79
1654,2025-10-07,6,65,2,35.98,7.2,43.18
1655,2025-12-06,124,1,1,79.99,16.0,95.99
1656,2025-12-21,20,68,3,104.97,20.99,125.96
1657,2025-07-07,104,4,1,349.99,70.0,419.99
1658,2025-02-17,20,55,5,174.95,34.99,209.94
1659,2025-12-06,111,18,1,899.99,180.0,1079.99
1660,2024-12-11,44,9,1,29.99,6.0,35.99
1661,2024-11-25,41,32,1,179.99,36.0,215.99
1662,2025-09-03,63,19,1,549.99,110.0,659.99
1663,2024-12-03,10,42,1,32.99,6.6,39.59
1664,2025-05-15,109,57,2,25.98,5.2,31.18
1665,2025-10-09,129,44,15,104.85,20.97,125.82
1666,2024-08-11,28,55,3,104.97,20.99,125.96
1667,2025-11-11,45,12,5,749.95,149.99,899.94
1668,2025-12-25,135,54,1,89.99,18.0,107.99
1669,2025-04-13,47,43,3,35.97,7.19,43.16
1670,2025-10-13,102,37,2,25.98,5.2,31.18
1671,2025-12-30,109,49,5,99.95,19.99,119.94
1672,2025-10-14,132,74,1,39.99,8.0,47.99
1673,2025-03-02,109,51,10,99.9,19.98,119.88
1674,2025-09-24,104,36,10,249.9,49.98,299.88
1675,2025-09-16,97,35,1,54.99,11.0,65.99
1676,2024-07-30,57,52,1,149.99,30.0,179.99
1677,2025-04-10,70,34,3,1199.97,239.99,1439.96
1678,2026-01-12,139,4,3,1049.97,209.99,1259.96
1679,2025-06-07,45,19,1,549.99,110.0,659.99
1680,2025-08-20,42,26,2,179.98,36.0,215.98
1681,2025-06-25,64,22,1,159.99,32.0,191.99
1682,2025-05-14,106,54,3,269.97,53.99,323.96
1683,2024-10-12,133,34,1,399.99,80.0,479.99
1684,2025-06-28,27,38,5,44.95,8.99,53.94
1685,2025-05-28,3,4,2,699.98,140.0,839.98
1686,2025-11-19,125,32,4,719.96,143.99,863.95
1687,2025-11-07,2,62,15,224.85,44.97,269.82
1688,2025-01-13,118,71,15,299.85,59.97,359.82
1689,2025-03-25,57,47,20,459.8,91.96,551.76
1690,2025-05-24,125,6,3,599.97,119.99,719.96
1691,2024-10-07,113,69,2,19.98,4.0,23.98
1692,2025-02-19,132,29,2,399.98,80.0,479.98
1693,2024-08-24,98,22,1,159.99,32.0,191.99
1694,2024-08-28,136,35,1,54.99,11.0,65.99
1695,2025-03-16,136,56,10,249.9,49.98,299.88
1696,2025-11-27,125,43,2,23.98,4.8,28.78
1697,2025-12-03,30,41,15,224.85,44.97,269.82
1698,2024-08-24,8,10,5,74.95,14.99,89.94
1699,2024-12-13,46,23,1,1299.99,260.0,1559.99
1700,2025-11-19,72,36,5,124.95,24.99,149.94
1701,2025-08-01,91,35,1,54.99,11.0,65.99
1702,2024-12-29,47,24,1,249.99,50.0,299.99
1703,2025-06-25,72,13,3,299.97,59.99,359.96
1704,2024-09-01,64,1,8,639.92,127.98,767.9
1705,2024-07-05,97,9,20,599.8,119.96,719.76
1706,2025-11-23,34,13,5,499.95,99.99,599.94
1707,2025-07-19,146,23,1,1299.99,260.0,1559.99
1708,2025-10-05,28,40,20,379.8,75.96,455.76
1709,2025-01-01,7,20,5,1499.95,299.99,1799.94
1710,2025-10-09,116,58,20,399.8,79.96,479.76
1711,2024-09-06,36,63,2,59.98,12.0,71.98
1712,2025-12-01,143,13,5,499.95,99.99,599.94
1713,2025-05-25,135,51,10,99.9,19.98,119.88
1714,2025-04-16,33,36,3,74.97,14.99,89.96
1715,2025-11-15,7,37,5,64.95,12.99,77.94
1716,2025-04-21,104,25,4,479.96,95.99,575.95
1717,2025-11-10,105,19,1,549.99,110.0,659.99
1718,2025-12-27,148,23,1,1299.99,260.0,1559.99
1719,2024-08-15,32,41,1,14.99,3.0,17.99
1720,2025-01-28,13,27,4,1119.96,223.99,1343.95
1721,2025-10-31,72,50,15,119.85,23.97,143.82
1722,2025-10-19,110,55,3,104.97,20.99,125.96
1723,2025-12-23,48,2,2,109.98,22.0,131.98
1724,2025-04-11,130,2,3,164.97,32.99,197.96
1725,2025-10-03,125,3,1,34.99,7.0,41.99
1726,2025-11-13,95,19,2,1099.98,220.0,1319.98
1727,2025-11-06,97,3,2,69.98,14.0,83.98
1728,2025-01-23,102,54,10,899.9,179.98,1079.88
1729,2024-10-20,3,24,1,249.99,50.0,299.99
1730,2024-12-18,128,55,4,139.96,27.99,167.95
1731,2025-11-28,43,41,1,14.99,3.0,17.99
1732,2024-12-04,37,45,2,79.98,16.0,95.98
1733,2024-08-27,39,29,1,199.99,40.0,239.99
1734,2025-11-26,36,37,5,64.95,12.99,77.94
1735,2025-12-27,94,22,3,479.97,95.99,575.96
1736,2024-10-14,11,71,1,19.99,4.0,23.99
1737,2024-10-31,149,73,3,26.97,5.39,32.36
1738,2025-10-31,142,71,3,59.97,11.99,71.96
1739,2025-03-01,73,59,3,83.97,16.79,100.76
1740,2025-10-09,74,19,1,549.99,110.0,659.99
1741,2025-08-02,84,56,10,249.9,49.98,299.88
1742,2025-10-14,95,52,1,149.99,30.0,179.99
1743,2025-01-30,67,58,3,59.97,11.99,71.96
1744,2025-07-08,19,27,1,279.99,56.0,335.99
1745,2025-01-16,110,70,3,74.97,14.99,89.96
1746,2025-08-23,66,3,3,104.97,20.99,125.96
1747,2025-10-28,31,67,2,99.98,20.0,119.98
1748,2024-07-25,123,55,4,139.96,27.99,167.95
1749,2025-11-10,138,37,2,25.98,5.2,31.18
1750,2025-12-26,13,9,1,29.99,6.0,35.99
1751,2024-08-24,63,4,5,1749.95,349.99,2099.94
1752,2024-09-06,118,58,3,59.97,11.99,71.96
1753,2025-04-23,51,20,1,299.99,60.0,359.99
1754,2025-12-10,135,32,5,899.95,179.99,1079.94
1755,2024-11-28,27,18,2,1799.98,360.0,2159.98
1756,2025-11-01,2,47,20,459.8,91.96,551.76
1757,2025-01-03,92,73,2,17.98,3.6,21.58
1758,2024-09-26,9,51,20,199.8,39.96,239.76
1759,2025-01-18,126,11,1,179.99,36.0,215.99
1760,2025-11-19,98,22,1,159.99,32.0,191.99
1761,2025-12-08,94,4,2,699.98,140.0,839.98
1762,2024-08-23,47,56,2,49.98,10.0,59.98
1763,2025-10-13,72,17,15,299.85,59.97,359.82
1764,2024-07-11,65,37,3,38.97,7.79,46.76
1765,2025-04-03,93,55,2,69.98,14.0,83.98
1766,2025-06-20,102,3,6,209.94,41.99,251.93
1767,2024-09-25,113,3,5,174.95,34.99,209.94
1768,2024-10-18,32,28,1,749.99,150.0,899.99
1769,2024-09-28,1,44,15,104.85,20.97,125.82
1770,2024-12-07,80,43,10,119.9,23.98,143.88
1771,2024-11-02,9,3,1,34.99,7.0,41.99
1772,2024-10-02,124,1,4,319.96,63.99,383.95
1773,2025-12-25,33,64,3,119.97,23.99,143.96
1774,2025-04-21,14,65,1,17.99,3.6,21.59
1775,2025-12-09,43,10,2,29.98,6.0,35.98
1776,2025-12-21,59,65,5,89.95,17.99,107.94
1777,2025-03-14,104,19,1,549.99,110.0,659.99
1778,2024-11-14,24,56,1,24.99,5.0,29.99
1779,2025-12-26,98,47,5,114.95,22.99,137.94
1780,2024-09-06,71,62,3,44.97,8.99,53.96
1781,2025-11-13,128,55,1,34.99,7.0,41.99
1782,2025-08-24,76,60,2,119.98,24.0,143.98
1783,2025-07-30,9,49,25,499.75,99.95,599.7
1784,2025-08-14,123,20,2,599.98,120.0,719.98
1785,2024-10-06,91,35,1,54.99,11.0,65.99
1786,2024-12-10,96,6,2,399.98,80.0,479.98
1787,2025-09-17,112,8,1,249.99,50.0,299.99
1788,2025-05-28,20,37,10,129.9,25.98,155.88
1789,2024-07-14,72,55,3,104.97,20.99,125.96
1790,2025-12-25,127,28,1,749.99,150.0,899.99
1791,2024-11-17,34,30,6,269.94,53.99,323.93
1792,2025-10-31,106,35,3,164.97,32.99,197.96
1793,2025-05-26,45,31,5,174.95,34.99,209.94
1794,2025-10-25,81,13,2,199.98,40.0,239.98
1795,2025-12-02,137,37,3,38.97,7.79,46.76
1796,2025-04-09,130,6,1,199.99,40.0,239.99
1797,2025-06-30,20,41,3,44.97,8.99,53.96
1798,2025-12-22,99,38,10,89.9,17.98,107.88
1799,2025-01-16,46,55,4,139.96,27.99,167.95
1800,2025-10-19,2,54,1,89.99,18.0,107.99
1801,2024-11-29,65,57,10,129.9,25.98,155.88
1802,2025-04-07,99,21,2,379.98,76.0,455.98
1803,2024-11-11,74,36,5,124.95,24.99,149.94
1804,2025-05-28,129,19,1,549.99,110.0,659.99
1805,2024-08-10,126,64,1,39.99,8.0,47.99
1806,2024-12-03,31,31,1,34.99,7.0,41.99
1807,2025-07-01,129,36,3,74.97,14.99,89.96
1808,2025-08-10,16,58,2,39.98,8.0,47.98
1809,2025-10-08,106,6,2,399.98,80.0,479.98
1810,2025-02-24,29,42,2,65.98,13.2,79.18
1811,2025-11-07,133,54,3,269.97,53.99,323.96
1812,2024-12-14,73,75,6,269.94,53.99,323.93
1813,2024-12-16,10,37,2,25.98,5.2,31.18
1814,2025-10-26,47,35,6,329.94,65.99,395.93
1815,2025-04-19,122,52,1,149.99,30.0,179.99
1816,2025-08-01,44,55,4,139.96,27.99,167.95
1817,2025-02-05,84,30,3,134.97,26.99,161.96
1818,2025-10-04,34,43,2,23.98,4.8,28.78
1819,2025-08-02,76,22,4,639.96,127.99,767.95
1820,2025-04-19,46,3,6,209.94,41.99,251.93
1821,2024-08-21,21,36,10,249.9,49.98,299.88
1822,2024-10-08,34,55,4,139.96,27.99,167.95
1823,2025-04-13,130,3,2,69.98,14.0,83.98
1824,2025-12-21,134,61,2,45.98,9.2,55.18
1825,2025-02-26,145,35,1,54.99,11.0,65.99
1826,2024-09-03,5,70,1,24.99,5.0,29.99
1827,2025-10-20,1,6,2,399.98,80.0,479.98
1828,2025-04-14,43,4,2,699.98,140.0,839.98
1829,2025-11-27,142,55,5,174.95,34.99,209.94
1830,2025-11-13,136,7,1,129.99,26.0,155.99
1831,2025-07-12,41,52,3,449.97,89.99,539.96
1832,2025-05-25,32,48,3,50.97,10.19,61.16
1833,2025-12-26,102,53,2,159.98,32.0,191.98
1834,2025-03-17,63,58,10,199.9,39.98,239.88
1835,2024-12-16,82,19,1,549.99,110.0,659.99
1836,2024-12-11,117,6,3,599.97,119.99,719.96
1837,2025-09-03,115,3,3,104.97,20.99,125.96
1838,2026-01-15,35,43,3,35.97,7.19,43.16
1839,2025-07-18,123,29,2,399.98,80.0,479.98
1840,2024-10-17,122,25,3,359.97,71.99,431.96
1841,2025-11-29,102,3,3,104.97,20.99,125.96
1842,2025-08-20,121,6,1,199.99,40.0,239.99
1843,2024-11-01,130,9,2,59.98,12.0,71.98
1844,2025-09-06,11,39,2,59.98,12.0,71.98
1845,2025-05-08,101,6,2,399.98,80.0,479.98
1846,2025-11-24,2,37,15,194.85,38.97,233.82
1847,2026-01-03,98,45,8,319.92,63.98,383.9
1848,2024-07-28,149,61,2,45.98,9.2,55.18
1849,2025-03-09,17,44,2,13.98,2.8,16.78
1850,2024-08-05,136,28,1,749.99,150.0,899.99
1851,2024-11-09,134,65,3,53.97,10.79,64.76
1852,2025-10-18,97,71,5,99.95,19.99,119.94
1853,2024-10-29,102,37,2,25.98,5.2,31.18
1854,2025-04-24,124,3,1,34.99,7.0,41.99
1855,2024-07-06,132,49,1,19.99,4.0,23.99
1856,2025-06-14,102,37,10,129.9,25.98,155.88
1857,2024-10-27,9,55,3,104.97,20.99,125.96
1858,2025-07-11,126,48,5,84.95,16.99,101.94
1859,2025-10-29,68,55,1,34.99,7.0,41.99
1860,2025-07-02,46,18,1,899.99,180.0,1079.99
1861,2025-01-08,95,52,2,299.98,60.0,359.98
1862,2025-01-06,3,4,1,349.99,70.0,419.99
1863,2025-10-08,11,19,1,549.99,110.0,659.99
1864,2024-11-18,36,28,1,749.99,150.0,899.99
1865,2025-11-03,32,71,15,299.85,59.97,359.82
1866,2024-11-08,30,9,3,89.97,17.99,107.96
1867,2024-09-13,129,47,20,459.8,91.96,551.76
1868,2025-11-25,61,4,1,349.99,70.0,419.99
1869,2025-07-18,45,17,3,59.97,11.99,71.96
1870,2025-12-04,142,21,1,189.99,38.0,227.99
1871,2025-11-22,78,54,1,89.99,18.0,107.99
1872,2024-11-27,13,70,2,49.98,10.0,59.98
1873,2025-06-15,71,61,3,68.97,13.79,82.76
1874,2024-11-18,16,44,3,20.97,4.19,25.16
1875,2024-11-04,59,30,2,89.98,18.0,107.98
1876,2025-03-03,40,35,3,164.97,32.99,197.96
1877,2025-03-28,43,18,1,899.99,180.0,1079.99
1878,2025-01-11,95,27,3,839.97,167.99,1007.96
1879,2024-12-25,127,32,1,179.99,36.0,215.99
1880,2025-12-22,84,37,10,129.9,25.98,155.88
1881,2025-10-14,20,3,2,69.98,14.0,83.98
1882,2026-01-15,33,33,4,1799.96,359.99,2159.95
1883,2026-01-15,97,35,1,54.99,11.0,65.99
1884,2025-11-14,101,41,1,14.99,3.0,17.99
1885,2025-07-06,23,36,1,24.99,5.0,29.99
1886,2024-11-08,138,27,1,279.99,56.0,335.99
1887,2024-11-13,147,36,2,49.98,10.0,59.98
1888,2025-03-31,36,54,3,269.97,53.99,323.96
1889,2024-12-23,85,55,1,34.99,7.0,41.99
1890,2025-04-03,36,29,1,199.99,40.0,239.99
1891,2024-12-25,58,6,2,399.98,80.0,479.98
1892,2025-07-31,6,57,3,38.97,7.79,46.76
1893,2025-07-29,12,35,1,54.99,11.0,65.99
1894,2025-09-21,71,54,3,269.97,53.99,323.96
1895,2025-01-27,109,49,2,39.98,8.0,47.98
1896,2025-02-09,36,30,2,89.98,18.0,107.98
1897,2024-07-25,132,58,10,199.9,39.98,239.88
1898,2025-06-19,68,55,1,34.99,7.0,41.99
1899,2025-11-03,41,55,3,104.97,20.99,125.96
1900,2025-01-17,84,6,1,199.99,40.0,239.99
1901,2024-10-03,106,3,3,104.97,20.99,125.96
1902,2024-11-30,68,4,1,349.99,70.0,419.99
1903,2025-12-16,6,74,3,119.97,23.99,143.96
1904,2024-12-28,91,22,1,159.99,32.0,191.99
1905,2025-01-17,130,4,2,699.98,140.0,839.98
1906,2025-07-13,32,1,2,159.98,32.0,191.98
1907,2025-04-05,93,51,1,9.99,2.0,11.99
1908,2024-12-07,56,48,5,84.95,16.99,101.94
1909,2025-03-09,136,55,4,139.96,27.99,167.95
1910,2025-11-06,102,51,5,49.95,9.99,59.94
1911,2025-12-20,132,46,10,159.9,31.98,191.88
1912,2025-08-19,77,37,1,12.99,2.6,15.59
1913,2024-09-14,40,36,3,74.97,14.99,89.96
1914,2024-07-25,2,4,2,699.98,140.0,839.98
1915,2024-11-21,50,28,1,749.99,150.0,899.99
1916,2025-11-21,80,28,1,749.99,150.0,899.99
1917,2024-10-19,27,1,2,159.98,32.0,191.98
1918,2025-11-07,93,6,4,799.96,159.99,959.95
1919,2025-11-03,62,54,1,89.99,18.0,107.99
1920,2024-11-27,106,1,3,239.97,47.99,287.96
1921,2025-11-21,100,42,2,65.98,13.2,79.18
1922,2025-12-12,79,56,10,249.9,49.98,299.88
1923,2026-01-13,15,20,4,1199.96,239.99,1439.95
1924,2025-09-24,20,6,1,199.99,40.0,239.99
1925,2025-10-06,9,55,1,34.99,7.0,41.99
1926,2024-12-03,97,6,1,199.99,40.0,239.99
1927,2024-12-01,45,22,4,639.96,127.99,767.95
1928,2024-09-20,82,48,15,254.85,50.97,305.82
1929,2025-03-22,138,35,3,164.97,32.99,197.96
1930,2025-12-15,109,32,1,179.99,36.0,215.99
1931,2025-11-07,93,36,1,24.99,5.0,29.99
1932,2025-10-19,45,32,2,359.98,72.0,431.98
1933,2024-10-09,103,70,3,74.97,14.99,89.96
1934,2024-12-19,133,35,6,329.94,65.99,395.93
1935,2025-08-20,91,43,20,239.8,47.96,287.76
1936,2025-02-27,86,52,2,299.98,60.0,359.98
1937,2025-03-07,31,49,15,299.85,59.97,359.82
1938,2024-09-23,95,12,4,599.96,119.99,719.95
1939,2024-12-03,21,5,1,89.99,18.0,107.99
1940,2025-07-11,145,71,1,19.99,4.0,23.99
1941,2025-05-14,98,1,3,239.97,47.99,287.96
1942,2025-01-13,112,55,2,69.98,14.0,83.98
1943,2024-09-12,5,34,1,399.99,80.0,479.99
1944,2025-12-10,99,19,1,549.99,110.0,659.99
1945,2024-12-14,79,71,2,39.98,8.0,47.98
1946,2025-08-15,60,27,1,279.99,56.0,335.99
1947,2024-12-06,4,16,1,24.99,5.0,29.99
1948,2024-11-07,5,35,3,164.97,32.99,197.96
1949,2025-11-06,8,71,10,199.9,39.98,239.88
1950,2025-01-31,74,6,1,199.99,40.0,239.99
1951,2025-03-16,90,51,10,99.9,19.98,119.88
1952,2025-10-04,61,55,3,104.97,20.99,125.96
1953,2025-10-22,87,35,1,54.99,11.0,65.99
1954,2025-03-03,48,24,2,499.98,100.0,599.98
1955,2025-07-05,84,3,2,69.98,14.0,83.98
1956,2025-11-26,10,54,2,179.98,36.0,215.98
1957,2025-12-24,120,26,2,179.98,36.0,215.98
1958,2024-08-10,106,37,1,12.99,2.6,15.59
1959,2025-08-22,25,54,6,539.94,107.99,647.93
1960,2025-02-22,55,39,15,449.85,89.97,539.82
1961,2025-02-20,76,54,1,89.99,18.0,107.99
1962,2025-10-04,1,10,10,149.9,29.98,179.88
1963,2026-01-11,127,40,10,189.9,37.98,227.88
1964,2025-11-21,54,71,2,39.98,8.0,47.98
1965,2025-02-26,127,54,3,269.97,53.99,323.96
1966,2025-12-22,91,4,4,1399.96,279.99,1679.95
1967,2024-12-21,133,4,4,1399.96,279.99,1679.95
1968,2024-12-15,129,40,25,474.75,94.95,569.7
1969,2024-10-20,21,9,10,299.9,59.98,359.88
1970,2025-04-03,69,54,4,359.96,71.99,431.95
1971,2025-10-20,101,36,10,249.9,49.98,299.88
1972,2024-10-03,65,70,20,499.8,99.96,599.76
1973,2024-09-27,62,54,1,89.99,18.0,107.99
1974,2025-11-19,78,54,4,359.96,71.99,431.95
1975,2024-12-19,121,9,25,749.75,149.95,899.7
1976,2025-11-19,80,52,1,149.99,30.0,179.99
1977,2025-10-07,97,52,2,299.98,60.0,359.98
1978,2024-07-08,26,3,3,104.97,20.99,125.96
1979,2024-10-28,101,71,10,199.9,39.98,239.88
1980,2024-08-03,46,36,2,49.98,10.0,59.98
1981,2024-08-26,19,49,25,499.75,99.95,599.7
1982,2025-08-26,84,19,1,549.99,110.0,659.99
1983,2024-07-27,126,4,4,1399.96,279.99,1679.95
1984,2024-10-11,7,43,2,23.98,4.8,28.78
1985,2025-02-03,4,54,4,359.96,71.99,431.95
1986,2024-09-20,107,70,2,49.98,10.0,59.98
1987,2025-11-21,13,36,1,24.99,5.0,29.99
1988,2024-10-13,118,37,1,12.99,2.6,15.59
1989,2025-08-20,98,32,1,179.99,36.0,215.99
1990,2024-10-15,12,17,2,39.98,8.0,47.98
1991,2025-12-04,67,54,5,449.95,89.99,539.94
1992,2025-01-09,68,36,2,49.98,10.0,59.98
1993,2025-12-15,98,6,2,399.98,80.0,479.98
1994,2025-12-17,18,25,3,359.97,71.99,431.96
1995,2025-01-05,133,1,1,79.99,16.0,95.99
1996,2024-08-17,19,36,20,499.8,99.96,599.76
1997,2025-02-01,21,44,2,13.98,2.8,16.78
1998,2024-11-04,81,49,5,99.95,19.99,119.94
1999,2025-09-28,30,35,1,54.99,11.0,65.99
2000,2025-03-06,88,1,2,159.98,32.0,191.98
